source,brand,name,former_price,current_price,discount,product_link,page
eyebuydirect,EyeBuyDirect,St Michel,,49.0,,https://www.eyebuydirect.com/eyeglasses/frames/st-michel-golden-s-19638,1
eyebuydirect,EyeBuyDirect,Ember,,23.0,,https://www.eyebuydirect.com/eyeglasses/frames/ember-matte-black-l-18789,1
eyebuydirect,EyeBuyDirect,Wit,,33.0,,https://www.eyebuydirect.com/eyeglasses/frames/wit-gunmetal-m-20088,1
eyebuydirect,EyeBuyDirect,Coexist,,26.0,,https://www.eyebuydirect.com/eyeglasses/frames/coexist-black-silver-m-15587,1
eyebuydirect,EyeBuyDirect,Romy,,59.0,,https://www.eyebuydirect.com/eyeglasses/frames/romy-ivory-tortoise-m-27986,1
eyebuydirect,Ray-Ban,Ray-Ban RB7047,,176.0,,https://www.eyebuydirect.com/eyeglasses/frames/ray-ban-rb7047-tortoise-brown-m-21267,1
eyebuydirect,EyeBuyDirect,Aven,,46.0,,https://www.eyebuydirect.com/eyeglasses/frames/aven-tortoise-m-30082,1
eyebuydirect,EyeBuyDirect,November,,9.0,,https://www.eyebuydirect.com/eyeglasses/frames/november-matte-black-m-19161,1
eyebuydirect,EyeBuyDirect,Vinyl,,46.0,,https://www.eyebuydirect.com/eyeglasses/frames/vinyl-clear-light-brown-s-28109,1
eyebuydirect,Oakley,Oakley Holbrook Rx,,187.0,,https://www.eyebuydirect.com/eyeglasses/frames/oakley-holbrook-rx-satin-black-m-21168,1
eyebuydirect,EyeBuyDirect,Ashby,,33.0,,https://www.eyebuydirect.com/eyeglasses/frames/ashby-tortoise-l-23896,1
eyebuydirect,EyeBuyDirect,Little Bristol,,19.0,,https://www.eyebuydirect.com/eyeglasses/frames/little-bristol-black-s-19667,1
eyebuydirect,EyeBuyDirect,Botanist,,39.0,,https://www.eyebuydirect.com/eyeglasses/frames/botanist-gray-brown-m-19654,1
eyebuydirect,EyeBuyDirect,Time,,23.0,,https://www.eyebuydirect.com/eyeglasses/frames/time-black-m-17499,1
eyebuydirect,EyeBuyDirect,Bristol,,23.0,,https://www.eyebuydirect.com/eyeglasses/frames/bristol-matte-black-l-13603,1
eyebuydirect,EyeBuyDirect,Algorithm,,43.0,,https://www.eyebuydirect.com/eyeglasses/frames/algorithm-gunmetal-l-18619,1
eyebuydirect,EyeBuyDirect,Tower,,59.0,,https://www.eyebuydirect.com/eyeglasses/frames/tower-tortoise-l-20718,1
eyebuydirect,EyeBuyDirect,Suze,,33.0,,https://www.eyebuydirect.com/eyeglasses/frames/suze-matte-black-xl-24858,1
eyebuydirect,EyeBuyDirect,Attitude,,66.0,,https://www.eyebuydirect.com/eyeglasses/frames/attitude-pink-ivory-tortoise-l-22407,1
eyebuydirect,EyeBuyDirect,Denny,,23.0,,https://www.eyebuydirect.com/eyeglasses/frames/denny-black-gray-m-15167,1
eyebuydirect,EyeBuyDirect,Pacific,,53.0,,https://www.eyebuydirect.com/eyeglasses/frames/pacific-black-m-28073,1
eyebuydirect,EyeBuyDirect,Percy,,33.0,,https://www.eyebuydirect.com/eyeglasses/frames/percy-light-golden-m-19759,1
eyebuydirect,EyeBuyDirect,Surrey,,49.0,,https://www.eyebuydirect.com/eyeglasses/frames/surrey-burgundy-m-23893,1
eyebuydirect,EyeBuyDirect,Amity,,33.0,,https://www.eyebuydirect.com/eyeglasses/frames/amity-clear-s-29606,1
eyebuydirect,EyeBuyDirect,Octave,,53.0,,https://www.eyebuydirect.com/eyeglasses/frames/octave-golden-m-29714,1
eyebuydirect,Ray-Ban Meta,Ray-Ban Meta Wayfarer (Gen 2),,379.0,,https://www.eyebuydirect.com/ai-glasses/frames/ray-ban-meta-wayfarer-gen-2-matte-black-m-30661,1
eyebuydirect,EyeBuyDirect,Fame,,59.0,,https://www.eyebuydirect.com/eyeglasses/frames/fame-golden-l-20224,1
eyebuydirect,EyeBuyDirect,Spencer,,33.0,,https://www.eyebuydirect.com/eyeglasses/frames/spencer-black-l-21053,1
eyebuydirect,EyeBuyDirect,Hepburn,,59.0,,https://www.eyebuydirect.com/eyeglasses/frames/hepburn-clear-blue-s-28098,1
eyebuydirect,Ray-Ban Meta,Ray-Ban Meta Skyler (Gen 2),,459.0,,https://www.eyebuydirect.com/ai-glasses/frames/ray-ban-meta-skyler-gen-2-shiny-peach-l-31614,1
eyebuydirect,EyeBuyDirect,Jasmine,,53.0,,https://www.eyebuydirect.com/eyeglasses/frames/jasmine-black-s-22401,2
eyebuydirect,EyeBuyDirect,Little John,,33.0,,https://www.eyebuydirect.com/eyeglasses/frames/little-john-black-xs-15569,2
eyebuydirect,EyeBuyDirect,Aroma,,63.0,,https://www.eyebuydirect.com/eyeglasses/frames/aroma-tortoise-green-s-29604,2
eyebuydirect,EyeBuyDirect,Quill,,59.0,,https://www.eyebuydirect.com/eyeglasses/frames/quill-tortoise-l-20153,2
eyebuydirect,EyeBuyDirect,Cassie,,43.0,,https://www.eyebuydirect.com/eyeglasses/frames/cassie-ivory-tortoise-l-23477,2
eyebuydirect,EyeBuyDirect,Lucia,,33.0,,https://www.eyebuydirect.com/eyeglasses/frames/lucia-champagne-m-20308,2
eyebuydirect,EyeBuyDirect,Palo Alto,,53.0,,https://www.eyebuydirect.com/eyeglasses/frames/palo-alto-golden-m-19748,2
eyebuydirect,EyeBuyDirect,Mandi,,53.0,,https://www.eyebuydirect.com/eyeglasses/frames/mandi-black-s-12743,2
eyebuydirect,EyeBuyDirect,Bubbles,,26.0,,https://www.eyebuydirect.com/eyeglasses/frames/bubbles-clear-pink-xs-27979,2
eyebuydirect,EyeBuyDirect,Marlowe,,26.0,,https://www.eyebuydirect.com/eyeglasses/frames/marlowe-tortoise-s-28485,2
eyebuydirect,EyeBuyDirect,Nala,,49.0,,https://www.eyebuydirect.com/eyeglasses/frames/nala-clear-pink-m-20456,2
eyebuydirect,EyeBuyDirect,Notting Hill,,49.0,,https://www.eyebuydirect.com/eyeglasses/frames/notting-hill-ivory-tortoise-s-13359,2
eyebuydirect,EyeBuyDirect,Sixto,,53.0,,https://www.eyebuydirect.com/eyeglasses/frames/sixto-coffee-xl-21972,2
eyebuydirect,EyeBuyDirect,Clinton,,49.0,,https://www.eyebuydirect.com/eyeglasses/frames/clinton-gunmetal-l-15097,2
eyebuydirect,EyeBuyDirect,Hubris,,33.0,,https://www.eyebuydirect.com/eyeglasses/frames/hubris-black-floral-s-19043,2
eyebuydirect,EyeBuyDirect,Cupertino,,49.0,,https://www.eyebuydirect.com/eyeglasses/frames/cupertino-black-s-19207,2
eyebuydirect,EyeBuyDirect,Morning,,53.0,,https://www.eyebuydirect.com/eyeglasses/frames/morning-warm-tortoise-s-29600,2
eyebuydirect,EyeBuyDirect,Hollie,,53.0,,https://www.eyebuydirect.com/eyeglasses/frames/hollie-green-xl-20470,2
eyebuydirect,EyeBuyDirect,Effect,,59.0,,https://www.eyebuydirect.com/eyeglasses/frames/effect-tortoise-l-22003,2
eyebuydirect,EyeBuyDirect,Latte,,59.0,,https://www.eyebuydirect.com/eyeglasses/frames/latte-black-s-22749,2
eyebuydirect,EyeBuyDirect,Lena,,53.0,,https://www.eyebuydirect.com/eyeglasses/frames/lena-clear-beige-s-21712,2
eyebuydirect,EyeBuyDirect,Emory,,43.0,,https://www.eyebuydirect.com/eyeglasses/frames/emory-black-coffee-m-18457,2
eyebuydirect,rflkt,Theory,,93.0,,https://www.eyebuydirect.com/eyeglasses/frames/theory-cognac-m-15873,2
eyebuydirect,EyeBuyDirect,Primo,,33.0,,https://www.eyebuydirect.com/eyeglasses/frames/primo-silver-m-19764,2
eyebuydirect,EyeBuyDirect,Yokote,,26.0,,https://www.eyebuydirect.com/eyeglasses/frames/yokote-matte-black-l-16829,2
eyebuydirect,EyeBuyDirect,Intense,,56.0,,https://www.eyebuydirect.com/eyeglasses/frames/intense-matte-black-golden-m-15791,2
eyebuydirect,EyeBuyDirect,Crescendo,,39.0,,https://www.eyebuydirect.com/eyeglasses/frames/crescendo-clear-pink-m-23871,2
eyebuydirect,EyeBuyDirect,Haiku,,43.0,,https://www.eyebuydirect.com/eyeglasses/frames/haiku-gold-m-23456,2
eyebuydirect,EyeBuyDirect,Primrose,,49.0,,https://www.eyebuydirect.com/eyeglasses/frames/primrose-tortoise-m-16545,2
eyebuydirect,EyeBuyDirect,Nobel,,39.0,,https://www.eyebuydirect.com/eyeglasses/frames/nobel-clear-green-l-23479,2
eyebuydirect,EyeBuyDirect,Movement,,49.0,,https://www.eyebuydirect.com/eyeglasses/frames/movement-gold-s-29609,3
eyebuydirect,EyeBuyDirect,Garance,,53.0,,https://www.eyebuydirect.com/eyeglasses/frames/garance-black-gold-l-21550,3
eyebuydirect,EyeBuyDirect,Escape,,53.0,,https://www.eyebuydirect.com/eyeglasses/frames/escape-matte-pink-m-18875,3
eyebuydirect,EyeBuyDirect,Amore,,43.0,,https://www.eyebuydirect.com/eyeglasses/frames/amore-rose-gold-m-22245,3
eyebuydirect,EyeBuyDirect,Nebulous,,59.0,,https://www.eyebuydirect.com/eyeglasses/frames/nebulous-clear-brown-l-21700,3
eyebuydirect,EyeBuyDirect,Soar,,43.0,,https://www.eyebuydirect.com/eyeglasses/frames/soar-silver-m-20304,3
eyebuydirect,EyeBuyDirect,Inscription,,43.0,,https://www.eyebuydirect.com/eyeglasses/frames/inscription-silver-l-18825,3
eyebuydirect,EyeBuyDirect,Groundbreaker,,49.0,,https://www.eyebuydirect.com/eyeglasses/frames/groundbreaker-tortoise-s-30258,3
eyebuydirect,EyeBuyDirect,Zippy,,23.0,,https://www.eyebuydirect.com/eyeglasses/frames/zippy-matte-clear-green-xs-28105,3
eyebuydirect,EyeBuyDirect,Sloane,,23.0,,https://www.eyebuydirect.com/eyeglasses/frames/sloane-light-tortoise-s-28454,3
eyebuydirect,EyeBuyDirect,Wistful,,49.0,,https://www.eyebuydirect.com/eyeglasses/frames/wistful-coffee-xs-29605,3
eyebuydirect,EyeBuyDirect,Noun,,53.0,,https://www.eyebuydirect.com/eyeglasses/frames/noun-ivory-tortoise-m-23027,3
eyebuydirect,EyeBuyDirect,Woodrow,,53.0,,https://www.eyebuydirect.com/eyeglasses/frames/woodrow-golden-s-16989,3
eyebuydirect,EyeBuyDirect,California,,43.0,,https://www.eyebuydirect.com/eyeglasses/frames/california-clear-xl-23246,3
eyebuydirect,EyeBuyDirect,Chai,,26.0,,https://www.eyebuydirect.com/eyeglasses/frames/chai-rose-gold-l-32408,3
eyebuydirect,EyeBuyDirect,Latitude,,43.0,,https://www.eyebuydirect.com/eyeglasses/frames/latitude-clear-brown-l-23243,3
eyebuydirect,EyeBuyDirect,Kenneth,,59.0,,https://www.eyebuydirect.com/eyeglasses/frames/kenneth-tortoise-l-21987,3
eyebuydirect,EyeBuyDirect,Gaston,,53.0,,https://www.eyebuydirect.com/eyeglasses/frames/gaston-clear-brown-l-27988,3
eyebuydirect,EyeBuyDirect,Carbon,,53.0,,https://www.eyebuydirect.com/eyeglasses/frames/carbon-black-m-23594,3
eyebuydirect,EyeBuyDirect,Beau,,43.0,,https://www.eyebuydirect.com/eyeglasses/frames/beau-black-s-18977,3
eyebuydirect,titanium,Density,,83.0,,https://www.eyebuydirect.com/eyeglasses/frames/density-light-silver-gunmetal-xl-22196,3
eyebuydirect,EyeBuyDirect,Borderline,,79.0,,https://www.eyebuydirect.com/eyeglasses/frames/borderline-black-l-17359,3
eyebuydirect,EyeBuyDirect,Savvy,,49.0,,https://www.eyebuydirect.com/eyeglasses/frames/savvy-tortoise-xs-29601,3
eyebuydirect,EyeBuyDirect,Halo,,26.0,,https://www.eyebuydirect.com/eyeglasses/frames/halo-clear-green-m-32813,3
eyebuydirect,EyeBuyDirect,House,,33.0,,https://www.eyebuydirect.com/eyeglasses/frames/house-gradient-brown-l-22443,3
eyebuydirect,EyeBuyDirect,Davis,,26.0,,https://www.eyebuydirect.com/eyeglasses/frames/davis-silver-l-32413,3
eyebuydirect,EyeBuyDirect,Sebastian,,59.0,,https://www.eyebuydirect.com/eyeglasses/frames/sebastian-tortoise-l-19971,3
eyebuydirect,EyeBuyDirect,Market,,23.0,,https://www.eyebuydirect.com/eyeglasses/frames/market-silver-m-16375,3
eyebuydirect,rflkt,Aura,,69.0,,https://www.eyebuydirect.com/eyeglasses/frames/aura-ivory-tortoise-m-22210,3
eyebuydirect,EyeBuyDirect,Lior,,33.0,,https://www.eyebuydirect.com/eyeglasses/frames/lior-tortoise-l-28474,3
eyebuydirect,EyeBuyDirect,Brooklyn,,26.0,,https://www.eyebuydirect.com/eyeglasses/frames/brooklyn-green-s-32474,4
eyebuydirect,EyeBuyDirect,Stride,,23.0,,https://www.eyebuydirect.com/eyeglasses/frames/stride-tortoise-m-20145,4
eyebuydirect,EyeBuyDirect,Gable,,53.0,,https://www.eyebuydirect.com/eyeglasses/frames/gable-ivory-tortoise-s-21725,4
eyebuydirect,EyeBuyDirect,Glance,,29.0,,https://www.eyebuydirect.com/eyeglasses/frames/glance-gold-xl-32426,4
eyebuydirect,EyeBuyDirect,Equality,,39.0,,https://www.eyebuydirect.com/eyeglasses/frames/equality-blue-s-21358,4
eyebuydirect,EyeBuyDirect,Gale,,33.0,,https://www.eyebuydirect.com/eyeglasses/frames/gale-black-xl-32547,4
eyebuydirect,EyeBuyDirect,Above,,23.0,,https://www.eyebuydirect.com/eyeglasses/frames/above-gunmetal-l-17587,4
eyebuydirect,EyeBuyDirect,Rowen,,36.0,,https://www.eyebuydirect.com/eyeglasses/frames/rowen-crystal-dark-green-l-26446,4
eyebuydirect,EyeBuyDirect,Agility,59.0,42.0,30%,https://www.eyebuydirect.com/eyeglasses/frames/agility-solid-black-l-25516,4
eyebuydirect,EyeBuyDirect,Cecilia,,26.0,,https://www.eyebuydirect.com/eyeglasses/frames/cecilia-raspberry-s-32468,4
eyebuydirect,EyeBuyDirect,Bardot,,43.0,,https://www.eyebuydirect.com/eyeglasses/frames/bardot-ivory-tortoise-m-16557,4
eyebuydirect,EyeBuyDirect,Follow,,79.0,,https://www.eyebuydirect.com/eyeglasses/frames/follow-black-golden-l-20401,4
eyebuydirect,EyeBuyDirect,Quentin,,53.0,,https://www.eyebuydirect.com/eyeglasses/frames/quentin-tortoise-gold-l-24155,4
eyebuydirect,EyeBuyDirect,Ines,,59.0,,https://www.eyebuydirect.com/eyeglasses/frames/ines-black-gold-m-23700,4
eyebuydirect,EyeBuyDirect,Daydream,,49.0,,https://www.eyebuydirect.com/eyeglasses/frames/daydream-brown-golden-s-16291,4
eyebuydirect,EyeBuyDirect,Thomas,,53.0,,https://www.eyebuydirect.com/eyeglasses/frames/thomas-matte-black-m-16469,4
eyebuydirect,EyeBuyDirect,Danni,,26.0,,https://www.eyebuydirect.com/eyeglasses/frames/danni-gray-m-32495,4
eyebuydirect,EyeBuyDirect,Unique,,49.0,,https://www.eyebuydirect.com/eyeglasses/frames/unique-tortoise-l-22096,4
eyebuydirect,EyeBuyDirect,Helena,,29.0,,https://www.eyebuydirect.com/eyeglasses/frames/helena-green-tortoise-m-32637,4
eyebuydirect,EyeBuyDirect,Absolutely,,66.0,,https://www.eyebuydirect.com/eyeglasses/frames/absolutely-tortoise-s-19177,4
eyebuydirect,EyeBuyDirect,Finn,,59.0,,https://www.eyebuydirect.com/eyeglasses/frames/finn-black-l-21730,4
eyebuydirect,rflkt,Prism,,73.0,,https://www.eyebuydirect.com/eyeglasses/frames/prism-tortoise-m-18703,4
eyebuydirect,EyeBuyDirect,Chandler,,26.0,,https://www.eyebuydirect.com/eyeglasses/frames/chandler-tortoise-m-32477,4
eyebuydirect,EyeBuyDirect,Synapse,,49.0,,https://www.eyebuydirect.com/eyeglasses/frames/synapse-rose-gold-l-19785,4
eyebuydirect,EyeBuyDirect,Astera,,66.0,,https://www.eyebuydirect.com/eyeglasses/frames/astera-crystal-green-m-25679,4
eyebuydirect,EyeBuyDirect,Jam,,86.0,,https://www.eyebuydirect.com/eyeglasses/frames/jam-clear-green-l-28097,4
eyebuydirect,EyeBuyDirect,Ellipse,,73.0,,https://www.eyebuydirect.com/eyeglasses/frames/ellipse-tortoise-xl-23919,4
eyebuydirect,EyeBuyDirect,Courser,,29.0,,https://www.eyebuydirect.com/eyeglasses/frames/courser-rose-gold-l-20229,4
eyebuydirect,EyeBuyDirect,Farah,,29.0,,https://www.eyebuydirect.com/eyeglasses/frames/farah-clear-brown-s-32528,4
eyebuydirect,EyeBuyDirect,Jamie,,53.0,,https://www.eyebuydirect.com/eyeglasses/frames/jamie-clear-brown-m-20379,4
eyebuydirect,EyeBuyDirect,Ferb,,23.0,,https://www.eyebuydirect.com/eyeglasses/frames/ferb-clear-champagne-xs-28101,5
eyebuydirect,EyeBuyDirect,Urban,,73.0,,https://www.eyebuydirect.com/eyeglasses/frames/urban-black-l-19944,5
eyebuydirect,EyeBuyDirect,Variable,,49.0,,https://www.eyebuydirect.com/eyeglasses/frames/variable-black-m-18499,5
eyebuydirect,EyeBuyDirect,Charlize,,43.0,,https://www.eyebuydirect.com/eyeglasses/frames/charlize-tortoise-m-16381,5
eyebuydirect,Ray-Ban,Ray-Ban RB7025,,210.0,,https://www.eyebuydirect.com/eyeglasses/frames/ray-ban-rb7025-black-m-21261,5
eyebuydirect,EyeBuyDirect,Nantes,,43.0,,https://www.eyebuydirect.com/eyeglasses/frames/nantes-silver-xl-15747,5
eyebuydirect,Ray-Ban Meta,Ray-Ban Meta Blayzer Optics (Gen 2),,499.0,,https://www.eyebuydirect.com/ai-glasses/frames/ray-ban-meta-blayzer-optics-gen-2-matte-black-s-31616,5
eyebuydirect,EyeBuyDirect,Francisco,,43.0,,https://www.eyebuydirect.com/eyeglasses/frames/francisco-clear-green-l-23464,5
eyebuydirect,titanium,Nate,,93.0,,https://www.eyebuydirect.com/eyeglasses/frames/nate-gold-brown-m-23793,5
eyebuydirect,EyeBuyDirect,Kinetic,,59.0,,https://www.eyebuydirect.com/eyeglasses/frames/kinetic-matte-gunmetal-l-23593,5
eyebuydirect,EyeBuyDirect,Fathom,,53.0,,https://www.eyebuydirect.com/eyeglasses/frames/fathom-bronze-black-l-20114,5
eyebuydirect,EyeBuyDirect,Steps,,49.0,,https://www.eyebuydirect.com/eyeglasses/frames/steps-purple-xs-21122,5
eyebuydirect,EyeBuyDirect,Passion,,39.0,,https://www.eyebuydirect.com/eyeglasses/frames/passion-tortoise-m-21392,5
eyebuydirect,EyeBuyDirect,Cymric,,53.0,,https://www.eyebuydirect.com/eyeglasses/frames/cymric-black-l-24906,5
eyebuydirect,EyeBuyDirect,Darren,,26.0,,https://www.eyebuydirect.com/eyeglasses/frames/darren-gray-m-32497,5
eyebuydirect,EyeBuyDirect,Manchester,,43.0,,https://www.eyebuydirect.com/eyeglasses/frames/manchester-black-silver-m-17485,5
eyebuydirect,EyeBuyDirect,Elliot,,29.0,,https://www.eyebuydirect.com/eyeglasses/frames/elliot-blue-m-32516,5
eyebuydirect,EyeBuyDirect,Suki,,43.0,,https://www.eyebuydirect.com/eyeglasses/frames/suki-crystal-red-xl-25182,5
eyebuydirect,EyeBuyDirect,Cambridge,,49.0,,https://www.eyebuydirect.com/eyeglasses/frames/cambridge-black-s-12501,5
eyebuydirect,EyeBuyDirect,Belleville,,33.0,,https://www.eyebuydirect.com/eyeglasses/frames/belleville-bronze-m-17931,5
eyebuydirect,EyeBuyDirect,Blair,,23.0,,https://www.eyebuydirect.com/eyeglasses/frames/blair-silver-s-32402,5
eyebuydirect,EyeBuyDirect,Gato,,59.0,,https://www.eyebuydirect.com/eyeglasses/frames/gato-tortoise-m-20682,5
eyebuydirect,EyeBuyDirect,Kit,,49.0,,https://www.eyebuydirect.com/eyeglasses/frames/kit-dark-tortoise-l-22563,5
eyebuydirect,EyeBuyDirect,Franky,,29.0,,https://www.eyebuydirect.com/eyeglasses/frames/franky-clear-l-32538,5
eyebuydirect,EyeBuyDirect,Heather,,59.0,,https://www.eyebuydirect.com/eyeglasses/frames/heather-tortoise-l-21968,5
eyebuydirect,EyeBuyDirect,Blizzard,,43.0,,https://www.eyebuydirect.com/eyeglasses/frames/blizzard-black-m-13481,5
eyebuydirect,EyeBuyDirect,Morla,,49.0,,https://www.eyebuydirect.com/eyeglasses/frames/morla-tortoise-m-16031,5
eyebuydirect,EyeBuyDirect,Vista,,53.0,,https://www.eyebuydirect.com/eyeglasses/frames/vista-floral-s-21574,5
eyebuydirect,EyeBuyDirect,Dotti,,66.0,,https://www.eyebuydirect.com/eyeglasses/frames/dotti-tortoise-gold-m-24102,5
eyebuydirect,EyeBuyDirect,Epilogue,,33.0,,https://www.eyebuydirect.com/eyeglasses/frames/epilogue-black-m-18891,5
eyebuydirect,EyeBuyDirect,Ferguson,,33.0,,https://www.eyebuydirect.com/eyeglasses/frames/ferguson-gray-m-32534,6
eyebuydirect,EyeBuyDirect,Vigo,,49.0,,https://www.eyebuydirect.com/eyeglasses/frames/vigo-black-l-20638,6
eyebuydirect,EyeBuyDirect,Glister,,39.0,,https://www.eyebuydirect.com/eyeglasses/frames/glister-iridescent-purple-m-23140,6
eyebuydirect,EyeBuyDirect,Whitmore,,49.0,,https://www.eyebuydirect.com/eyeglasses/frames/whitmore-tortoise-l-31524,6
eyebuydirect,Ray-Ban,Ray-Ban RB5154 Clubmaster,,222.0,,https://www.eyebuydirect.com/eyeglasses/frames/ray-ban-rb5154-clubmaster-black-m-21217,6
eyebuydirect,EyeBuyDirect,Ballast,,43.0,,https://www.eyebuydirect.com/eyeglasses/frames/ballast-black-l-19932,6
eyebuydirect,EyeBuyDirect,Gadsby,,59.0,,https://www.eyebuydirect.com/eyeglasses/frames/gadsby-silver-l-30230,6
eyebuydirect,EyeBuyDirect,Phoenix,,49.0,,https://www.eyebuydirect.com/eyeglasses/frames/phoenix-tortoise-s-20519,6
eyebuydirect,EyeBuyDirect,Hollis,,73.0,,https://www.eyebuydirect.com/eyeglasses/frames/hollis-tortoise-gold-l-24145,6
eyebuydirect,EyeBuyDirect,North,,79.0,,https://www.eyebuydirect.com/eyeglasses/frames/north-tortoise-m-20583,6
eyebuydirect,Ray-Ban,Ray-Ban RB6375,,189.0,,https://www.eyebuydirect.com/eyeglasses/frames/ray-ban-rb6375-black-gold-m-21812,6
eyebuydirect,EyeBuyDirect,Saunter,,23.0,,https://www.eyebuydirect.com/eyeglasses/frames/saunter-swirled-amber-s-18759,6
eyebuydirect,EyeBuyDirect,Winefred,,33.0,,https://www.eyebuydirect.com/eyeglasses/frames/winefred-clear-l-29669,6
eyebuydirect,EyeBuyDirect,Brittany,,23.0,,https://www.eyebuydirect.com/eyeglasses/frames/brittany-clear-blue-m-15663,6
eyebuydirect,EyeBuyDirect,Clever,,59.0,,https://www.eyebuydirect.com/eyeglasses/frames/clever-tortoise-m-21430,6
eyebuydirect,EyeBuyDirect,Canvas,,86.0,,https://www.eyebuydirect.com/eyeglasses/frames/canvas-black-l-22012,6
eyebuydirect,EyeBuyDirect,Claudia,,59.0,,https://www.eyebuydirect.com/eyeglasses/frames/claudia-black-m-12737,6
eyebuydirect,EyeBuyDirect,Perceive,,49.0,,https://www.eyebuydirect.com/eyeglasses/frames/perceive-black-gunmetal-m-19818,6
eyebuydirect,EyeBuyDirect,Demo,,49.0,,https://www.eyebuydirect.com/eyeglasses/frames/demo-gray-m-20077,6
eyebuydirect,EyeBuyDirect,Feline,,59.0,,https://www.eyebuydirect.com/eyeglasses/frames/feline-rose-gold-m-19807,6
eyebuydirect,EyeBuyDirect,Renaissance,,59.0,,https://www.eyebuydirect.com/eyeglasses/frames/renaissance-black-gold-l-22423,6
eyebuydirect,EyeBuyDirect,Mel,,43.0,,https://www.eyebuydirect.com/eyeglasses/frames/mel-gunmetal-m-13309,6
eyebuydirect,EyeBuyDirect,Calvo,,33.0,,https://www.eyebuydirect.com/eyeglasses/frames/calvo-green-l-29782,6
eyebuydirect,Oakley,Oakley Rafter,,172.0,,https://www.eyebuydirect.com/eyeglasses/frames/oakley-rafter-satin-black-l-27213,6
eyebuydirect,EyeBuyDirect,Aiko,,59.0,,https://www.eyebuydirect.com/eyeglasses/frames/aiko-matte-rose-gold-m-27357,6
eyebuydirect,EyeBuyDirect,Relive,,79.0,,https://www.eyebuydirect.com/eyeglasses/frames/relive-black-silver-l-19894,6
eyebuydirect,rflkt,Sequence,,93.0,,https://www.eyebuydirect.com/eyeglasses/frames/sequence-translucent-m-22209,6
eyebuydirect,EyeBuyDirect,Restore,,59.0,,https://www.eyebuydirect.com/eyeglasses/frames/restore-tortoise-m-30322,6
eyebuydirect,EyeBuyDirect,Imagine,,59.0,,https://www.eyebuydirect.com/eyeglasses/frames/imagine-bronze-xl-23842,6
eyebuydirect,EyeBuyDirect,Emerson,,29.0,,https://www.eyebuydirect.com/eyeglasses/frames/emerson-purple-l-32532,6
eyebuydirect,rflkt,Ona,,69.0,,https://www.eyebuydirect.com/eyeglasses/frames/ona-ivory-tortoise-s-20902,7
eyebuydirect,EyeBuyDirect,Furnace,,46.0,,https://www.eyebuydirect.com/eyeglasses/frames/furnace-black-red-l-23900,7
eyebuydirect,titanium,Imani,,93.0,,https://www.eyebuydirect.com/eyeglasses/frames/imani-silver-l-21396,7
eyebuydirect,EyeBuyDirect,Discover,,43.0,,https://www.eyebuydirect.com/eyeglasses/frames/discover-matte-silver-l-19167,7
eyebuydirect,EyeBuyDirect,Emotion,,53.0,,https://www.eyebuydirect.com/eyeglasses/frames/emotion-light-gold-xl-22393,7
eyebuydirect,EyeBuyDirect,Java,,49.0,,https://www.eyebuydirect.com/eyeglasses/frames/java-black-s-18093,7
eyebuydirect,EyeBuyDirect,Actor,,86.0,,https://www.eyebuydirect.com/eyeglasses/frames/actor-black-gold-l-24119,7
eyebuydirect,EyeBuyDirect,Giverny,73.0,52.0,30%,https://www.eyebuydirect.com/eyeglasses/frames/giverny-clear-l-20927,7
eyebuydirect,EyeBuyDirect,Glen,,29.0,,https://www.eyebuydirect.com/eyeglasses/frames/glen-brown-l-32427,7
eyebuydirect,EyeBuyDirect,Liora,,46.0,,https://www.eyebuydirect.com/eyeglasses/frames/liora-gold-l-30081,7
eyebuydirect,EyeBuyDirect,Marion,,53.0,,https://www.eyebuydirect.com/eyeglasses/frames/marion-pink-tortoise-s-21710,7
eyebuydirect,EyeBuyDirect,Acer,,39.0,,https://www.eyebuydirect.com/eyeglasses/frames/acer-crystal-nude-l-26450,7
eyebuydirect,EyeBuyDirect,Roman,,59.0,,https://www.eyebuydirect.com/eyeglasses/frames/roman-silver-xl-21605,7
eyebuydirect,EyeBuyDirect,Forte,,33.0,,https://www.eyebuydirect.com/eyeglasses/frames/forte-clear-l-21349,7
eyebuydirect,EyeBuyDirect,Dearly,,59.0,,https://www.eyebuydirect.com/eyeglasses/frames/dearly-tortoise-l-21724,7
eyebuydirect,EyeBuyDirect,Mikoto,53.0,38.0,30%,https://www.eyebuydirect.com/eyeglasses/frames/mikoto-light-brown-m-21733,7
eyebuydirect,EyeBuyDirect,Shallows,,33.0,,https://www.eyebuydirect.com/eyeglasses/frames/shallows-blue-xs-19630,7
eyebuydirect,EyeBuyDirect,Kyoto,,59.0,,https://www.eyebuydirect.com/eyeglasses/frames/kyoto-black-m-16925,7
eyebuydirect,EyeBuyDirect,Foundry,,33.0,,https://www.eyebuydirect.com/eyeglasses/frames/foundry-black-l-18791,7
eyebuydirect,Ralph,Ralph RA7158U,,141.0,,https://www.eyebuydirect.com/eyeglasses/frames/ralph-ra7158u-shiny-dark-tortoise-m-28688,7
eyebuydirect,EyeBuyDirect,Milner,,43.0,,https://www.eyebuydirect.com/eyeglasses/frames/milner-gold-green-l-23976,7
eyebuydirect,EyeBuyDirect,Video,,59.0,,https://www.eyebuydirect.com/eyeglasses/frames/video-matte-blue-l-24225,7
eyebuydirect,EyeBuyDirect,Bistro,,43.0,,https://www.eyebuydirect.com/eyeglasses/frames/bistro-golden-l-20190,7
eyebuydirect,EyeBuyDirect,South,,43.0,,https://www.eyebuydirect.com/eyeglasses/frames/south-gunmetal-s-17237,7
eyebuydirect,EyeBuyDirect,Whoosh,,23.0,,https://www.eyebuydirect.com/eyeglasses/frames/whoosh-gray-green-m-31418,7
eyebuydirect,Ray-Ban,Ray-Ban Wayfarer Ease Change,,210.0,,https://www.eyebuydirect.com/eyeglasses/frames/ray-ban-rb4340v-black-l-21215,7
eyebuydirect,EyeBuyDirect,Pursuit,,53.0,,https://www.eyebuydirect.com/eyeglasses/frames/pursuit-purple-m-20786,7
eyebuydirect,EyeBuyDirect,Studio,,53.0,,https://www.eyebuydirect.com/eyeglasses/frames/studio-coffee-l-20346,7
eyebuydirect,EyeBuyDirect,Vivienne,,59.0,,https://www.eyebuydirect.com/eyeglasses/frames/vivienne-tortoise-m-25708,7
eyebuydirect,EyeBuyDirect,Lance,,39.0,,https://www.eyebuydirect.com/eyeglasses/frames/lance-black-m-32561,7
eyebuydirect,EyeBuyDirect,Snap,,59.0,,https://www.eyebuydirect.com/eyeglasses/frames/snap-tortoise-s-21467,8
eyebuydirect,EyeBuyDirect,Charlotte,,43.0,,https://www.eyebuydirect.com/eyeglasses/frames/charlotte-clear-pink-s-22352,8
eyebuydirect,EyeBuyDirect,Star,,59.0,,https://www.eyebuydirect.com/eyeglasses/frames/star-rose-gold-l-20007,8
eyebuydirect,EyeBuyDirect,Altar,,53.0,,https://www.eyebuydirect.com/eyeglasses/frames/altar-pink-gold-l-21742,8
eyebuydirect,EyeBuyDirect,Holmes,,23.0,,https://www.eyebuydirect.com/eyeglasses/frames/holmes-brown-m-20143,8
eyebuydirect,EyeBuyDirect,Dapper,,53.0,,https://www.eyebuydirect.com/eyeglasses/frames/dapper-rose-gold-l-20352,8
eyebuydirect,EyeBuyDirect,Earl,,23.0,,https://www.eyebuydirect.com/eyeglasses/frames/earl-navy-m-19780,8
eyebuydirect,titanium,Future,,93.0,,https://www.eyebuydirect.com/eyeglasses/frames/future-golden-m-20068,8
eyebuydirect,EyeBuyDirect,Terrain,,46.0,,https://www.eyebuydirect.com/eyeglasses/frames/terrain-black-tortoise-l-23996,8
eyebuydirect,Oakley,Oakley Plank 2.0,,187.0,,https://www.eyebuydirect.com/eyeglasses/frames/oakley-plank-2-0-satin-black-s-21179,8
eyebuydirect,EyeBuyDirect,Athena,,39.0,,https://www.eyebuydirect.com/eyeglasses/frames/athena-rose-gold-m-20525,8
eyebuydirect,EyeBuyDirect,Corey,,66.0,,https://www.eyebuydirect.com/eyeglasses/frames/corey-tortoise-l-22024,8
eyebuydirect,EyeBuyDirect,Carey,,26.0,,https://www.eyebuydirect.com/eyeglasses/frames/carey-gold-l-32405,8
eyebuydirect,EyeBuyDirect,Pickering,,59.0,,https://www.eyebuydirect.com/eyeglasses/frames/pickering-gunmetal-l-12007,8
eyebuydirect,EyeBuyDirect,Modern,,43.0,,https://www.eyebuydirect.com/eyeglasses/frames/modern-clear-pink-m-23876,8
eyebuydirect,EyeBuyDirect,Greta,,49.0,,https://www.eyebuydirect.com/eyeglasses/frames/greta-clear-pink-s-21564,8
eyebuydirect,EyeBuyDirect,Novel,,43.0,,https://www.eyebuydirect.com/eyeglasses/frames/novel-black-m-20192,8
eyebuydirect,EyeBuyDirect,Iconic,,73.0,,https://www.eyebuydirect.com/eyeglasses/frames/iconic-tortoise-silver-l-22480,8
eyebuydirect,Ray-Ban,Ray-Ban RB6363,,210.0,,https://www.eyebuydirect.com/eyeglasses/frames/ray-ban-rb6363-black-gold-l-24326,8
eyebuydirect,EyeBuyDirect,Biblio,,73.0,,https://www.eyebuydirect.com/eyeglasses/frames/biblio-black-l-20489,8
eyebuydirect,EyeBuyDirect,Pearl,,53.0,,https://www.eyebuydirect.com/eyeglasses/frames/pearl-red-m-18297,8
eyebuydirect,EyeBuyDirect,Carola,,43.0,,https://www.eyebuydirect.com/eyeglasses/frames/carola-clear-yellow-m-23867,8
eyebuydirect,EyeBuyDirect,Little Charlotte,,43.0,,https://www.eyebuydirect.com/eyeglasses/frames/little-charlotte-pink-xs-20954,8
eyebuydirect,EyeBuyDirect,Lenny,,73.0,,https://www.eyebuydirect.com/eyeglasses/frames/lenny-tortoise-l-21770,8
eyebuydirect,EyeBuyDirect,Takashi,,39.0,,https://www.eyebuydirect.com/eyeglasses/frames/takashi-green-gold-xl-21835,8
eyebuydirect,EyeBuyDirect,Positivity,,46.0,,https://www.eyebuydirect.com/eyeglasses/frames/positivity-orange-pink-l-27710,8
eyebuydirect,EyeBuyDirect,Clayton,,79.0,,https://www.eyebuydirect.com/eyeglasses/frames/clayton-dark-green-gold-xl-24129,8
eyebuydirect,EyeBuyDirect,Fitzgerald,,49.0,,https://www.eyebuydirect.com/eyeglasses/frames/fitzgerald-bronze-s-13403,8
eyebuydirect,EyeBuyDirect,Oak,39.0,20.0,50%,https://www.eyebuydirect.com/eyeglasses/frames/oak-crystal-yellow-m-26454,8
eyebuydirect,EyeBuyDirect,Meridian,,53.0,,https://www.eyebuydirect.com/eyeglasses/frames/meridian-black-m-22757,8
eyebuydirect,EyeBuyDirect,Spoken,,29.0,,https://www.eyebuydirect.com/eyeglasses/frames/spoken-black-s-20158,9
eyebuydirect,EyeBuyDirect,Barclay,,33.0,,https://www.eyebuydirect.com/eyeglasses/frames/barclay-brown-l-29688,9
eyebuydirect,EyeBuyDirect,Generous,,59.0,,https://www.eyebuydirect.com/eyeglasses/frames/generous-matte-gold-l-21876,9
eyebuydirect,EyeBuyDirect,Morgan,,39.0,,https://www.eyebuydirect.com/eyeglasses/frames/morgan-silver-l-32603,9
eyebuydirect,EyeBuyDirect,Granada,,43.0,,https://www.eyebuydirect.com/eyeglasses/frames/granada-dark-brown-l-23852,9
eyebuydirect,EyeBuyDirect,Alchemist,,86.0,,https://www.eyebuydirect.com/eyeglasses/frames/alchemist-black-m-19850,9
eyebuydirect,EyeBuyDirect,Team,,33.0,,https://www.eyebuydirect.com/eyeglasses/frames/team-matte-black-l-22600,9
eyebuydirect,EyeBuyDirect,Coppi Clip-On,,59.0,,https://www.eyebuydirect.com/eyeglasses/frames/coppi-clip-on-red-l-29741,9
eyebuydirect,Ray-Ban,Ray-Ban RB7185,,162.0,,https://www.eyebuydirect.com/eyeglasses/frames/ray-ban-rb7185-black-m-24304,9
eyebuydirect,EyeBuyDirect,Ledger,,49.0,,https://www.eyebuydirect.com/eyeglasses/frames/ledger-golden-s-18895,9
eyebuydirect,EyeBuyDirect,Vince,,43.0,,https://www.eyebuydirect.com/eyeglasses/frames/vince-gunmetal-m-19774,9
eyebuydirect,EyeBuyDirect,Nina,,73.0,,https://www.eyebuydirect.com/eyeglasses/frames/nina-crystal-olive-green-s-25390,9
eyebuydirect,EyeBuyDirect,Etymology,,49.0,,https://www.eyebuydirect.com/eyeglasses/frames/etymology-light-gold-xl-22390,9
eyebuydirect,EyeBuyDirect,Modernity,,59.0,,https://www.eyebuydirect.com/eyeglasses/frames/modernity-tortoise-gold-l-22899,9
eyebuydirect,EyeBuyDirect,Delancey,,59.0,,https://www.eyebuydirect.com/eyeglasses/frames/delancey-tortoise-gold-l-24153,9
eyebuydirect,EyeBuyDirect,Adriatic,,49.0,,https://www.eyebuydirect.com/eyeglasses/frames/adriatic-tortoise-l-23269,9
eyebuydirect,EyeBuyDirect,Moon River,,49.0,,https://www.eyebuydirect.com/eyeglasses/frames/moon-river-clear-green-l-20686,9
eyebuydirect,EyeBuyDirect,Sing,,59.0,,https://www.eyebuydirect.com/eyeglasses/frames/sing-clear-purple-m-22206,9
eyebuydirect,rflkt,Planete,,89.0,,https://www.eyebuydirect.com/eyeglasses/frames/planete-floral-l-19834,9
eyebuydirect,EyeBuyDirect,Bowen,,26.0,,https://www.eyebuydirect.com/eyeglasses/frames/bowen-brown-s-32463,9
eyebuydirect,EyeBuyDirect,Murphy,,86.0,,https://www.eyebuydirect.com/eyeglasses/frames/murphy-tortoise-xl-21753,9
eyebuydirect,Oakley,Oakley Socket 5.5,,227.0,,https://www.eyebuydirect.com/eyeglasses/frames/oakley-socket-5-5-satin-black-blue-m-21193,9
eyebuydirect,titanium,Ebb,,93.0,,https://www.eyebuydirect.com/eyeglasses/frames/ebb-silver-m-18113,9
eyebuydirect,EyeBuyDirect,Hadley,,59.0,,https://www.eyebuydirect.com/eyeglasses/frames/hadley-clear-gold-l-24111,9
eyebuydirect,EyeBuyDirect,Chief,,49.0,,https://www.eyebuydirect.com/eyeglasses/frames/chief-brown-m-20099,9
eyebuydirect,EyeBuyDirect,Dana,,26.0,,https://www.eyebuydirect.com/eyeglasses/frames/dana-clear-brown-l-32491,9
eyebuydirect,EyeBuyDirect,Abazam,,49.0,,https://www.eyebuydirect.com/eyeglasses/frames/abazam-rose-gold-m-22159,9
eyebuydirect,EyeBuyDirect,Rhode Island,,49.0,,https://www.eyebuydirect.com/eyeglasses/frames/rhode-island-clear-s-19596,9
eyebuydirect,EyeBuyDirect,Aesthetic,,53.0,,https://www.eyebuydirect.com/eyeglasses/frames/aesthetic-gold-xl-23123,9
eyebuydirect,EyeBuyDirect,Vienna,,33.0,,https://www.eyebuydirect.com/eyeglasses/frames/vienna-gray-m-18923,9
eyebuydirect,EyeBuyDirect,Zippity,,23.0,,https://www.eyebuydirect.com/eyeglasses/frames/zippity-red-xs-31414,10
eyebuydirect,EyeBuyDirect,Her,,66.0,,https://www.eyebuydirect.com/eyeglasses/frames/her-black-s-13597,10
eyebuydirect,EyeBuyDirect,Thinker,,43.0,,https://www.eyebuydirect.com/eyeglasses/frames/thinker-clear-pink-xs-20848,10
eyebuydirect,EyeBuyDirect,Maxwell,,86.0,,https://www.eyebuydirect.com/eyeglasses/frames/maxwell-black-xl-21694,10
eyebuydirect,EyeBuyDirect,Leap,,43.0,,https://www.eyebuydirect.com/eyeglasses/frames/leap-blue-xs-21126,10
eyebuydirect,EyeBuyDirect,Ashley,,86.0,,https://www.eyebuydirect.com/eyeglasses/frames/ashley-tortoise-xl-22106,10
eyebuydirect,EyeBuyDirect,Petal,,59.0,,https://www.eyebuydirect.com/eyeglasses/frames/petal-pink-tortoise-m-20710,10
eyebuydirect,EyeBuyDirect,Castle,,79.0,,https://www.eyebuydirect.com/eyeglasses/frames/castle-gunmetal-xl-20694,10
eyebuydirect,EyeBuyDirect,Time Square,,59.0,,https://www.eyebuydirect.com/eyeglasses/frames/time-square-black-m-13103,10
eyebuydirect,EyeBuyDirect,Gustave,,46.0,,https://www.eyebuydirect.com/eyeglasses/frames/gustave-black-gold-l-23185,10
eyebuydirect,EyeBuyDirect,Dulce,,53.0,,https://www.eyebuydirect.com/eyeglasses/frames/dulce-blue-m-20597,10
eyebuydirect,Ray-Ban,Ray-Ban RB3447V,,210.0,,https://www.eyebuydirect.com/eyeglasses/frames/ray-ban-rb3447v-arista-gold-l-32884,10
eyebuydirect,EyeBuyDirect,Patti,,66.0,,https://www.eyebuydirect.com/eyeglasses/frames/patti-crystal-beige-m-25392,10
eyebuydirect,EyeBuyDirect,Redford,,33.0,,https://www.eyebuydirect.com/eyeglasses/frames/redford-silver-l-29667,10
eyebuydirect,Ray-Ban,Ray-Ban RB5279,,186.0,,https://www.eyebuydirect.com/eyeglasses/frames/ray-ban-rb5279-black-m-24319,10
eyebuydirect,EyeBuyDirect,Panoply,,43.0,,https://www.eyebuydirect.com/eyeglasses/frames/panoply-clear-pink-m-23865,10
eyebuydirect,Oakley Meta,Oakley Meta HSTN,,399.0,,https://www.eyebuydirect.com/ai-glasses/frames/oakley-meta-hstn-black-l-31628,10
eyebuydirect,EyeBuyDirect,Cali,,49.0,,https://www.eyebuydirect.com/eyeglasses/frames/cali-ivory-tortoise-s-23475,10
eyebuydirect,EyeBuyDirect,Billings,,53.0,,https://www.eyebuydirect.com/eyeglasses/frames/billings-black-m-6486,10
eyebuydirect,5-to-see,Moringa,,59.0,,https://www.eyebuydirect.com/eyeglasses/frames/moringa-abyssal-blue-l-22122,10
eyebuydirect,EyeBuyDirect,Saturday,,59.0,,https://www.eyebuydirect.com/eyeglasses/frames/saturday-black-xl-25989,10
eyebuydirect,EyeBuyDirect,Sublime,,43.0,,https://www.eyebuydirect.com/eyeglasses/frames/sublime-black-golden-m-16977,10
eyebuydirect,EyeBuyDirect,Alette,,59.0,,https://www.eyebuydirect.com/eyeglasses/frames/alette-clear-purple-s-20656,10
eyebuydirect,EyeBuyDirect,Haley,,29.0,,https://www.eyebuydirect.com/eyeglasses/frames/haley-purple-s-32820,10
eyebuydirect,EyeBuyDirect,Maggie,,46.0,,https://www.eyebuydirect.com/eyeglasses/frames/maggie-purple-m-22674,10
eyebuydirect,titanium,Alum,,86.0,,https://www.eyebuydirect.com/eyeglasses/frames/alum-black-gold-l-22190,10
eyebuydirect,EyeBuyDirect,Prologue,43.0,31.0,30%,https://www.eyebuydirect.com/eyeglasses/frames/prologue-cream-m-19644,10
eyebuydirect,EyeBuyDirect,Quartet,,33.0,,https://www.eyebuydirect.com/eyeglasses/frames/quartet-clear-s-20950,10
eyebuydirect,EyeBuyDirect,Owen,,59.0,,https://www.eyebuydirect.com/eyeglasses/frames/owen-black-l-21672,10
eyebuydirect,EyeBuyDirect,Marilou,,29.0,,https://www.eyebuydirect.com/eyeglasses/frames/marilou-clear-cobalt-s-19501,10
