source,brand,name,former_price,current_price,discount,product_link,page,discount_pct,savings,on_sale,sold_by_n_sites,scraped_at
eyebuydirect,EyeBuyDirect,St Michel,,49.0,,https://www.eyebuydirect.com/eyeglasses/frames/st-michel-golden-s-19638,1,,,False,1,2026-09-13
eyebuydirect,EyeBuyDirect,Ember,,23.0,,https://www.eyebuydirect.com/eyeglasses/frames/ember-matte-black-l-18789,1,,,False,1,2026-09-13
eyebuydirect,EyeBuyDirect,Wit,,33.0,,https://www.eyebuydirect.com/eyeglasses/frames/wit-gunmetal-m-20088,1,,,False,1,2026-09-13
eyebuydirect,EyeBuyDirect,Coexist,,26.0,,https://www.eyebuydirect.com/eyeglasses/frames/coexist-black-silver-m-15587,1,,,False,1,2026-09-13
eyebuydirect,EyeBuyDirect,Romy,,59.0,,https://www.eyebuydirect.com/eyeglasses/frames/romy-ivory-tortoise-m-27986,1,,,False,1,2026-09-13
eyebuydirect,Ray-Ban,Ray-Ban RB7047,,176.0,,https://www.eyebuydirect.com/eyeglasses/frames/ray-ban-rb7047-tortoise-brown-m-21267,1,,,False,1,2026-09-13
eyebuydirect,EyeBuyDirect,Aven,,46.0,,https://www.eyebuydirect.com/eyeglasses/frames/aven-tortoise-m-30082,1,,,False,1,2026-09-13
eyebuydirect,EyeBuyDirect,November,,9.0,,https://www.eyebuydirect.com/eyeglasses/frames/november-matte-black-m-19161,1,,,False,1,2026-09-13
eyebuydirect,EyeBuyDirect,Vinyl,,46.0,,https://www.eyebuydirect.com/eyeglasses/frames/vinyl-clear-light-brown-s-28109,1,,,False,1,2026-09-13
eyebuydirect,Oakley,Oakley Holbrook Rx,,187.0,,https://www.eyebuydirect.com/eyeglasses/frames/oakley-holbrook-rx-satin-black-m-21168,1,,,False,1,2026-09-13
eyebuydirect,EyeBuyDirect,Ashby,,33.0,,https://www.eyebuydirect.com/eyeglasses/frames/ashby-tortoise-l-23896,1,,,False,1,2026-09-13
eyebuydirect,EyeBuyDirect,Little Bristol,,19.0,,https://www.eyebuydirect.com/eyeglasses/frames/little-bristol-black-s-19667,1,,,False,1,2026-09-13
eyebuydirect,EyeBuyDirect,Botanist,,39.0,,https://www.eyebuydirect.com/eyeglasses/frames/botanist-gray-brown-m-19654,1,,,False,1,2026-09-13
eyebuydirect,EyeBuyDirect,Time,,23.0,,https://www.eyebuydirect.com/eyeglasses/frames/time-black-m-17499,1,,,False,1,2026-09-13
eyebuydirect,EyeBuyDirect,Bristol,,23.0,,https://www.eyebuydirect.com/eyeglasses/frames/bristol-matte-black-l-13603,1,,,False,1,2026-09-13
eyebuydirect,EyeBuyDirect,Algorithm,,43.0,,https://www.eyebuydirect.com/eyeglasses/frames/algorithm-gunmetal-l-18619,1,,,False,1,2026-09-13
eyebuydirect,EyeBuyDirect,Tower,,59.0,,https://www.eyebuydirect.com/eyeglasses/frames/tower-tortoise-l-20718,1,,,False,1,2026-09-13
eyebuydirect,EyeBuyDirect,Suze,,33.0,,https://www.eyebuydirect.com/eyeglasses/frames/suze-matte-black-xl-24858,1,,,False,1,2026-09-13
eyebuydirect,EyeBuyDirect,Attitude,,66.0,,https://www.eyebuydirect.com/eyeglasses/frames/attitude-pink-ivory-tortoise-l-22407,1,,,False,1,2026-09-13
eyebuydirect,EyeBuyDirect,Denny,,23.0,,https://www.eyebuydirect.com/eyeglasses/frames/denny-black-gray-m-15167,1,,,False,1,2026-09-13
eyebuydirect,EyeBuyDirect,Pacific,,53.0,,https://www.eyebuydirect.com/eyeglasses/frames/pacific-black-m-28073,1,,,False,1,2026-09-13
eyebuydirect,EyeBuyDirect,Percy,,33.0,,https://www.eyebuydirect.com/eyeglasses/frames/percy-light-golden-m-19759,1,,,False,1,2026-09-13
eyebuydirect,EyeBuyDirect,Surrey,,49.0,,https://www.eyebuydirect.com/eyeglasses/frames/surrey-burgundy-m-23893,1,,,False,1,2026-09-13
eyebuydirect,EyeBuyDirect,Amity,,33.0,,https://www.eyebuydirect.com/eyeglasses/frames/amity-clear-s-29606,1,,,False,1,2026-09-13
eyebuydirect,EyeBuyDirect,Octave,,53.0,,https://www.eyebuydirect.com/eyeglasses/frames/octave-golden-m-29714,1,,,False,1,2026-09-13
eyebuydirect,Ray-Ban Meta,Ray-Ban Meta Wayfarer (Gen 2),,379.0,,https://www.eyebuydirect.com/ai-glasses/frames/ray-ban-meta-wayfarer-gen-2-matte-black-m-30661,1,,,False,1,2026-09-13
eyebuydirect,EyeBuyDirect,Fame,,59.0,,https://www.eyebuydirect.com/eyeglasses/frames/fame-golden-l-20224,1,,,False,1,2026-09-13
eyebuydirect,EyeBuyDirect,Spencer,,33.0,,https://www.eyebuydirect.com/eyeglasses/frames/spencer-black-l-21053,1,,,False,1,2026-09-13
eyebuydirect,EyeBuyDirect,Hepburn,,59.0,,https://www.eyebuydirect.com/eyeglasses/frames/hepburn-clear-blue-s-28098,1,,,False,1,2026-09-13
eyebuydirect,Ray-Ban Meta,Ray-Ban Meta Skyler (Gen 2),,459.0,,https://www.eyebuydirect.com/ai-glasses/frames/ray-ban-meta-skyler-gen-2-shiny-peach-l-31614,1,,,False,1,2026-09-13
eyebuydirect,EyeBuyDirect,Jasmine,,53.0,,https://www.eyebuydirect.com/eyeglasses/frames/jasmine-black-s-22401,2,,,False,1,2026-09-13
eyebuydirect,EyeBuyDirect,Little John,,33.0,,https://www.eyebuydirect.com/eyeglasses/frames/little-john-black-xs-15569,2,,,False,1,2026-09-13
eyebuydirect,EyeBuyDirect,Aroma,,63.0,,https://www.eyebuydirect.com/eyeglasses/frames/aroma-tortoise-green-s-29604,2,,,False,1,2026-09-13
eyebuydirect,EyeBuyDirect,Quill,,59.0,,https://www.eyebuydirect.com/eyeglasses/frames/quill-tortoise-l-20153,2,,,False,1,2026-09-13
eyebuydirect,EyeBuyDirect,Cassie,,43.0,,https://www.eyebuydirect.com/eyeglasses/frames/cassie-ivory-tortoise-l-23477,2,,,False,1,2026-09-13
eyebuydirect,EyeBuyDirect,Lucia,,33.0,,https://www.eyebuydirect.com/eyeglasses/frames/lucia-champagne-m-20308,2,,,False,1,2026-09-13
eyebuydirect,EyeBuyDirect,Palo Alto,,53.0,,https://www.eyebuydirect.com/eyeglasses/frames/palo-alto-golden-m-19748,2,,,False,1,2026-09-13
eyebuydirect,EyeBuyDirect,Mandi,,53.0,,https://www.eyebuydirect.com/eyeglasses/frames/mandi-black-s-12743,2,,,False,1,2026-09-13
eyebuydirect,EyeBuyDirect,Bubbles,,26.0,,https://www.eyebuydirect.com/eyeglasses/frames/bubbles-clear-pink-xs-27979,2,,,False,1,2026-09-13
eyebuydirect,EyeBuyDirect,Marlowe,,26.0,,https://www.eyebuydirect.com/eyeglasses/frames/marlowe-tortoise-s-28485,2,,,False,1,2026-09-13
eyebuydirect,EyeBuyDirect,Nala,,49.0,,https://www.eyebuydirect.com/eyeglasses/frames/nala-clear-pink-m-20456,2,,,False,1,2026-09-13
eyebuydirect,EyeBuyDirect,Notting Hill,,49.0,,https://www.eyebuydirect.com/eyeglasses/frames/notting-hill-ivory-tortoise-s-13359,2,,,False,1,2026-09-13
eyebuydirect,EyeBuyDirect,Sixto,,53.0,,https://www.eyebuydirect.com/eyeglasses/frames/sixto-coffee-xl-21972,2,,,False,1,2026-09-13
eyebuydirect,EyeBuyDirect,Clinton,,49.0,,https://www.eyebuydirect.com/eyeglasses/frames/clinton-gunmetal-l-15097,2,,,False,1,2026-09-13
eyebuydirect,EyeBuyDirect,Hubris,,33.0,,https://www.eyebuydirect.com/eyeglasses/frames/hubris-black-floral-s-19043,2,,,False,1,2026-09-13
eyebuydirect,EyeBuyDirect,Cupertino,,49.0,,https://www.eyebuydirect.com/eyeglasses/frames/cupertino-black-s-19207,2,,,False,1,2026-09-13
eyebuydirect,EyeBuyDirect,Morning,,53.0,,https://www.eyebuydirect.com/eyeglasses/frames/morning-warm-tortoise-s-29600,2,,,False,1,2026-09-13
eyebuydirect,EyeBuyDirect,Hollie,,53.0,,https://www.eyebuydirect.com/eyeglasses/frames/hollie-green-xl-20470,2,,,False,1,2026-09-13
eyebuydirect,EyeBuyDirect,Effect,,59.0,,https://www.eyebuydirect.com/eyeglasses/frames/effect-tortoise-l-22003,2,,,False,1,2026-09-13
eyebuydirect,EyeBuyDirect,Latte,,59.0,,https://www.eyebuydirect.com/eyeglasses/frames/latte-black-s-22749,2,,,False,1,2026-09-13
eyebuydirect,EyeBuyDirect,Lena,,53.0,,https://www.eyebuydirect.com/eyeglasses/frames/lena-clear-beige-s-21712,2,,,False,1,2026-09-13
eyebuydirect,EyeBuyDirect,Emory,,43.0,,https://www.eyebuydirect.com/eyeglasses/frames/emory-black-coffee-m-18457,2,,,False,1,2026-09-13
eyebuydirect,rflkt,Theory,,93.0,,https://www.eyebuydirect.com/eyeglasses/frames/theory-cognac-m-15873,2,,,False,1,2026-09-13
eyebuydirect,EyeBuyDirect,Primo,,33.0,,https://www.eyebuydirect.com/eyeglasses/frames/primo-silver-m-19764,2,,,False,1,2026-09-13
eyebuydirect,EyeBuyDirect,Yokote,,26.0,,https://www.eyebuydirect.com/eyeglasses/frames/yokote-matte-black-l-16829,2,,,False,1,2026-09-13
eyebuydirect,EyeBuyDirect,Intense,,56.0,,https://www.eyebuydirect.com/eyeglasses/frames/intense-matte-black-golden-m-15791,2,,,False,1,2026-09-13
eyebuydirect,EyeBuyDirect,Crescendo,,39.0,,https://www.eyebuydirect.com/eyeglasses/frames/crescendo-clear-pink-m-23871,2,,,False,1,2026-09-13
eyebuydirect,EyeBuyDirect,Haiku,,43.0,,https://www.eyebuydirect.com/eyeglasses/frames/haiku-gold-m-23456,2,,,False,1,2026-09-13
eyebuydirect,EyeBuyDirect,Primrose,,49.0,,https://www.eyebuydirect.com/eyeglasses/frames/primrose-tortoise-m-16545,2,,,False,1,2026-09-13
eyebuydirect,EyeBuyDirect,Nobel,,39.0,,https://www.eyebuydirect.com/eyeglasses/frames/nobel-clear-green-l-23479,2,,,False,1,2026-09-13
eyebuydirect,EyeBuyDirect,Movement,,49.0,,https://www.eyebuydirect.com/eyeglasses/frames/movement-gold-s-29609,3,,,False,1,2026-09-13
eyebuydirect,EyeBuyDirect,Garance,,53.0,,https://www.eyebuydirect.com/eyeglasses/frames/garance-black-gold-l-21550,3,,,False,1,2026-09-13
eyebuydirect,EyeBuyDirect,Escape,,53.0,,https://www.eyebuydirect.com/eyeglasses/frames/escape-matte-pink-m-18875,3,,,False,1,2026-09-13
eyebuydirect,EyeBuyDirect,Amore,,43.0,,https://www.eyebuydirect.com/eyeglasses/frames/amore-rose-gold-m-22245,3,,,False,1,2026-09-13
eyebuydirect,EyeBuyDirect,Nebulous,,59.0,,https://www.eyebuydirect.com/eyeglasses/frames/nebulous-clear-brown-l-21700,3,,,False,1,2026-09-13
eyebuydirect,EyeBuyDirect,Soar,,43.0,,https://www.eyebuydirect.com/eyeglasses/frames/soar-silver-m-20304,3,,,False,1,2026-09-13
eyebuydirect,EyeBuyDirect,Inscription,,43.0,,https://www.eyebuydirect.com/eyeglasses/frames/inscription-silver-l-18825,3,,,False,1,2026-09-13
eyebuydirect,EyeBuyDirect,Groundbreaker,,49.0,,https://www.eyebuydirect.com/eyeglasses/frames/groundbreaker-tortoise-s-30258,3,,,False,1,2026-09-13
eyebuydirect,EyeBuyDirect,Zippy,,23.0,,https://www.eyebuydirect.com/eyeglasses/frames/zippy-matte-clear-green-xs-28105,3,,,False,1,2026-09-13
eyebuydirect,EyeBuyDirect,Sloane,,23.0,,https://www.eyebuydirect.com/eyeglasses/frames/sloane-light-tortoise-s-28454,3,,,False,1,2026-09-13
eyebuydirect,EyeBuyDirect,Wistful,,49.0,,https://www.eyebuydirect.com/eyeglasses/frames/wistful-coffee-xs-29605,3,,,False,1,2026-09-13
eyebuydirect,EyeBuyDirect,Noun,,53.0,,https://www.eyebuydirect.com/eyeglasses/frames/noun-ivory-tortoise-m-23027,3,,,False,1,2026-09-13
eyebuydirect,EyeBuyDirect,Woodrow,,53.0,,https://www.eyebuydirect.com/eyeglasses/frames/woodrow-golden-s-16989,3,,,False,1,2026-09-13
eyebuydirect,EyeBuyDirect,California,,43.0,,https://www.eyebuydirect.com/eyeglasses/frames/california-clear-xl-23246,3,,,False,1,2026-09-13
eyebuydirect,EyeBuyDirect,Chai,,26.0,,https://www.eyebuydirect.com/eyeglasses/frames/chai-rose-gold-l-32408,3,,,False,1,2026-09-13
eyebuydirect,EyeBuyDirect,Latitude,,43.0,,https://www.eyebuydirect.com/eyeglasses/frames/latitude-clear-brown-l-23243,3,,,False,1,2026-09-13
eyebuydirect,EyeBuyDirect,Kenneth,,59.0,,https://www.eyebuydirect.com/eyeglasses/frames/kenneth-tortoise-l-21987,3,,,False,1,2026-09-13
eyebuydirect,EyeBuyDirect,Gaston,,53.0,,https://www.eyebuydirect.com/eyeglasses/frames/gaston-clear-brown-l-27988,3,,,False,1,2026-09-13
eyebuydirect,EyeBuyDirect,Carbon,,53.0,,https://www.eyebuydirect.com/eyeglasses/frames/carbon-black-m-23594,3,,,False,1,2026-09-13
eyebuydirect,EyeBuyDirect,Beau,,43.0,,https://www.eyebuydirect.com/eyeglasses/frames/beau-black-s-18977,3,,,False,1,2026-09-13
eyebuydirect,titanium,Density,,83.0,,https://www.eyebuydirect.com/eyeglasses/frames/density-light-silver-gunmetal-xl-22196,3,,,False,1,2026-09-13
eyebuydirect,EyeBuyDirect,Borderline,,79.0,,https://www.eyebuydirect.com/eyeglasses/frames/borderline-black-l-17359,3,,,False,1,2026-09-13
eyebuydirect,EyeBuyDirect,Savvy,,49.0,,https://www.eyebuydirect.com/eyeglasses/frames/savvy-tortoise-xs-29601,3,,,False,1,2026-09-13
eyebuydirect,EyeBuyDirect,Halo,,26.0,,https://www.eyebuydirect.com/eyeglasses/frames/halo-clear-green-m-32813,3,,,False,1,2026-09-13
eyebuydirect,EyeBuyDirect,House,,33.0,,https://www.eyebuydirect.com/eyeglasses/frames/house-gradient-brown-l-22443,3,,,False,1,2026-09-13
eyebuydirect,EyeBuyDirect,Davis,,26.0,,https://www.eyebuydirect.com/eyeglasses/frames/davis-silver-l-32413,3,,,False,1,2026-09-13
eyebuydirect,EyeBuyDirect,Sebastian,,59.0,,https://www.eyebuydirect.com/eyeglasses/frames/sebastian-tortoise-l-19971,3,,,False,1,2026-09-13
eyebuydirect,EyeBuyDirect,Market,,23.0,,https://www.eyebuydirect.com/eyeglasses/frames/market-silver-m-16375,3,,,False,1,2026-09-13
eyebuydirect,rflkt,Aura,,69.0,,https://www.eyebuydirect.com/eyeglasses/frames/aura-ivory-tortoise-m-22210,3,,,False,1,2026-09-13
eyebuydirect,EyeBuyDirect,Lior,,33.0,,https://www.eyebuydirect.com/eyeglasses/frames/lior-tortoise-l-28474,3,,,False,1,2026-09-13
eyebuydirect,EyeBuyDirect,Brooklyn,,26.0,,https://www.eyebuydirect.com/eyeglasses/frames/brooklyn-green-s-32474,4,,,False,1,2026-09-13
eyebuydirect,EyeBuyDirect,Stride,,23.0,,https://www.eyebuydirect.com/eyeglasses/frames/stride-tortoise-m-20145,4,,,False,1,2026-09-13
eyebuydirect,EyeBuyDirect,Gable,,53.0,,https://www.eyebuydirect.com/eyeglasses/frames/gable-ivory-tortoise-s-21725,4,,,False,1,2026-09-13
eyebuydirect,EyeBuyDirect,Glance,,29.0,,https://www.eyebuydirect.com/eyeglasses/frames/glance-gold-xl-32426,4,,,False,1,2026-09-13
eyebuydirect,EyeBuyDirect,Equality,,39.0,,https://www.eyebuydirect.com/eyeglasses/frames/equality-blue-s-21358,4,,,False,1,2026-09-13
eyebuydirect,EyeBuyDirect,Gale,,33.0,,https://www.eyebuydirect.com/eyeglasses/frames/gale-black-xl-32547,4,,,False,1,2026-09-13
eyebuydirect,EyeBuyDirect,Above,,23.0,,https://www.eyebuydirect.com/eyeglasses/frames/above-gunmetal-l-17587,4,,,False,1,2026-09-13
eyebuydirect,EyeBuyDirect,Rowen,,36.0,,https://www.eyebuydirect.com/eyeglasses/frames/rowen-crystal-dark-green-l-26446,4,,,False,1,2026-09-13
eyebuydirect,EyeBuyDirect,Agility,59.0,42.0,30%,https://www.eyebuydirect.com/eyeglasses/frames/agility-solid-black-l-25516,4,30.0,17.0,True,1,2026-09-13
eyebuydirect,EyeBuyDirect,Cecilia,,26.0,,https://www.eyebuydirect.com/eyeglasses/frames/cecilia-raspberry-s-32468,4,,,False,1,2026-09-13
eyebuydirect,EyeBuyDirect,Bardot,,43.0,,https://www.eyebuydirect.com/eyeglasses/frames/bardot-ivory-tortoise-m-16557,4,,,False,1,2026-09-13
eyebuydirect,EyeBuyDirect,Follow,,79.0,,https://www.eyebuydirect.com/eyeglasses/frames/follow-black-golden-l-20401,4,,,False,1,2026-09-13
eyebuydirect,EyeBuyDirect,Quentin,,53.0,,https://www.eyebuydirect.com/eyeglasses/frames/quentin-tortoise-gold-l-24155,4,,,False,1,2026-09-13
eyebuydirect,EyeBuyDirect,Ines,,59.0,,https://www.eyebuydirect.com/eyeglasses/frames/ines-black-gold-m-23700,4,,,False,1,2026-09-13
eyebuydirect,EyeBuyDirect,Daydream,,49.0,,https://www.eyebuydirect.com/eyeglasses/frames/daydream-brown-golden-s-16291,4,,,False,1,2026-09-13
eyebuydirect,EyeBuyDirect,Thomas,,53.0,,https://www.eyebuydirect.com/eyeglasses/frames/thomas-matte-black-m-16469,4,,,False,1,2026-09-13
eyebuydirect,EyeBuyDirect,Danni,,26.0,,https://www.eyebuydirect.com/eyeglasses/frames/danni-gray-m-32495,4,,,False,1,2026-09-13
eyebuydirect,EyeBuyDirect,Unique,,49.0,,https://www.eyebuydirect.com/eyeglasses/frames/unique-tortoise-l-22096,4,,,False,1,2026-09-13
eyebuydirect,EyeBuyDirect,Helena,,29.0,,https://www.eyebuydirect.com/eyeglasses/frames/helena-green-tortoise-m-32637,4,,,False,1,2026-09-13
eyebuydirect,EyeBuyDirect,Absolutely,,66.0,,https://www.eyebuydirect.com/eyeglasses/frames/absolutely-tortoise-s-19177,4,,,False,1,2026-09-13
eyebuydirect,EyeBuyDirect,Finn,,59.0,,https://www.eyebuydirect.com/eyeglasses/frames/finn-black-l-21730,4,,,False,1,2026-09-13
eyebuydirect,rflkt,Prism,,73.0,,https://www.eyebuydirect.com/eyeglasses/frames/prism-tortoise-m-18703,4,,,False,1,2026-09-13
eyebuydirect,EyeBuyDirect,Chandler,,26.0,,https://www.eyebuydirect.com/eyeglasses/frames/chandler-tortoise-m-32477,4,,,False,1,2026-09-13
eyebuydirect,EyeBuyDirect,Synapse,,49.0,,https://www.eyebuydirect.com/eyeglasses/frames/synapse-rose-gold-l-19785,4,,,False,1,2026-09-13
eyebuydirect,EyeBuyDirect,Astera,,66.0,,https://www.eyebuydirect.com/eyeglasses/frames/astera-crystal-green-m-25679,4,,,False,1,2026-09-13
eyebuydirect,EyeBuyDirect,Jam,,86.0,,https://www.eyebuydirect.com/eyeglasses/frames/jam-clear-green-l-28097,4,,,False,1,2026-09-13
eyebuydirect,EyeBuyDirect,Ellipse,,73.0,,https://www.eyebuydirect.com/eyeglasses/frames/ellipse-tortoise-xl-23919,4,,,False,1,2026-09-13
eyebuydirect,EyeBuyDirect,Courser,,29.0,,https://www.eyebuydirect.com/eyeglasses/frames/courser-rose-gold-l-20229,4,,,False,1,2026-09-13
eyebuydirect,EyeBuyDirect,Farah,,29.0,,https://www.eyebuydirect.com/eyeglasses/frames/farah-clear-brown-s-32528,4,,,False,1,2026-09-13
eyebuydirect,EyeBuyDirect,Jamie,,53.0,,https://www.eyebuydirect.com/eyeglasses/frames/jamie-clear-brown-m-20379,4,,,False,1,2026-09-13
eyebuydirect,EyeBuyDirect,Ferb,,23.0,,https://www.eyebuydirect.com/eyeglasses/frames/ferb-clear-champagne-xs-28101,5,,,False,1,2026-09-13
eyebuydirect,EyeBuyDirect,Urban,,73.0,,https://www.eyebuydirect.com/eyeglasses/frames/urban-black-l-19944,5,,,False,1,2026-09-13
eyebuydirect,EyeBuyDirect,Variable,,49.0,,https://www.eyebuydirect.com/eyeglasses/frames/variable-black-m-18499,5,,,False,1,2026-09-13
eyebuydirect,EyeBuyDirect,Charlize,,43.0,,https://www.eyebuydirect.com/eyeglasses/frames/charlize-tortoise-m-16381,5,,,False,1,2026-09-13
eyebuydirect,Ray-Ban,Ray-Ban RB7025,,210.0,,https://www.eyebuydirect.com/eyeglasses/frames/ray-ban-rb7025-black-m-21261,5,,,False,1,2026-09-13
eyebuydirect,EyeBuyDirect,Nantes,,43.0,,https://www.eyebuydirect.com/eyeglasses/frames/nantes-silver-xl-15747,5,,,False,1,2026-09-13
eyebuydirect,Ray-Ban Meta,Ray-Ban Meta Blayzer Optics (Gen 2),,499.0,,https://www.eyebuydirect.com/ai-glasses/frames/ray-ban-meta-blayzer-optics-gen-2-matte-black-s-31616,5,,,False,1,2026-09-13
eyebuydirect,EyeBuyDirect,Francisco,,43.0,,https://www.eyebuydirect.com/eyeglasses/frames/francisco-clear-green-l-23464,5,,,False,1,2026-09-13
eyebuydirect,titanium,Nate,,93.0,,https://www.eyebuydirect.com/eyeglasses/frames/nate-gold-brown-m-23793,5,,,False,1,2026-09-13
eyebuydirect,EyeBuyDirect,Kinetic,,59.0,,https://www.eyebuydirect.com/eyeglasses/frames/kinetic-matte-gunmetal-l-23593,5,,,False,1,2026-09-13
eyebuydirect,EyeBuyDirect,Fathom,,53.0,,https://www.eyebuydirect.com/eyeglasses/frames/fathom-bronze-black-l-20114,5,,,False,1,2026-09-13
eyebuydirect,EyeBuyDirect,Steps,,49.0,,https://www.eyebuydirect.com/eyeglasses/frames/steps-purple-xs-21122,5,,,False,1,2026-09-13
eyebuydirect,EyeBuyDirect,Passion,,39.0,,https://www.eyebuydirect.com/eyeglasses/frames/passion-tortoise-m-21392,5,,,False,1,2026-09-13
eyebuydirect,EyeBuyDirect,Cymric,,53.0,,https://www.eyebuydirect.com/eyeglasses/frames/cymric-black-l-24906,5,,,False,1,2026-09-13
eyebuydirect,EyeBuyDirect,Darren,,26.0,,https://www.eyebuydirect.com/eyeglasses/frames/darren-gray-m-32497,5,,,False,1,2026-09-13
eyebuydirect,EyeBuyDirect,Manchester,,43.0,,https://www.eyebuydirect.com/eyeglasses/frames/manchester-black-silver-m-17485,5,,,False,1,2026-09-13
eyebuydirect,EyeBuyDirect,Elliot,,29.0,,https://www.eyebuydirect.com/eyeglasses/frames/elliot-blue-m-32516,5,,,False,1,2026-09-13
eyebuydirect,EyeBuyDirect,Suki,,43.0,,https://www.eyebuydirect.com/eyeglasses/frames/suki-crystal-red-xl-25182,5,,,False,1,2026-09-13
eyebuydirect,EyeBuyDirect,Cambridge,,49.0,,https://www.eyebuydirect.com/eyeglasses/frames/cambridge-black-s-12501,5,,,False,1,2026-09-13
eyebuydirect,EyeBuyDirect,Belleville,,33.0,,https://www.eyebuydirect.com/eyeglasses/frames/belleville-bronze-m-17931,5,,,False,1,2026-09-13
eyebuydirect,EyeBuyDirect,Blair,,23.0,,https://www.eyebuydirect.com/eyeglasses/frames/blair-silver-s-32402,5,,,False,1,2026-09-13
eyebuydirect,EyeBuyDirect,Gato,,59.0,,https://www.eyebuydirect.com/eyeglasses/frames/gato-tortoise-m-20682,5,,,False,1,2026-09-13
eyebuydirect,EyeBuyDirect,Kit,,49.0,,https://www.eyebuydirect.com/eyeglasses/frames/kit-dark-tortoise-l-22563,5,,,False,1,2026-09-13
eyebuydirect,EyeBuyDirect,Franky,,29.0,,https://www.eyebuydirect.com/eyeglasses/frames/franky-clear-l-32538,5,,,False,1,2026-09-13
eyebuydirect,EyeBuyDirect,Heather,,59.0,,https://www.eyebuydirect.com/eyeglasses/frames/heather-tortoise-l-21968,5,,,False,1,2026-09-13
eyebuydirect,EyeBuyDirect,Blizzard,,43.0,,https://www.eyebuydirect.com/eyeglasses/frames/blizzard-black-m-13481,5,,,False,1,2026-09-13
eyebuydirect,EyeBuyDirect,Morla,,49.0,,https://www.eyebuydirect.com/eyeglasses/frames/morla-tortoise-m-16031,5,,,False,1,2026-09-13
eyebuydirect,EyeBuyDirect,Vista,,53.0,,https://www.eyebuydirect.com/eyeglasses/frames/vista-floral-s-21574,5,,,False,1,2026-09-13
eyebuydirect,EyeBuyDirect,Dotti,,66.0,,https://www.eyebuydirect.com/eyeglasses/frames/dotti-tortoise-gold-m-24102,5,,,False,1,2026-09-13
eyebuydirect,EyeBuyDirect,Epilogue,,33.0,,https://www.eyebuydirect.com/eyeglasses/frames/epilogue-black-m-18891,5,,,False,1,2026-09-13
eyebuydirect,EyeBuyDirect,Ferguson,,33.0,,https://www.eyebuydirect.com/eyeglasses/frames/ferguson-gray-m-32534,6,,,False,1,2026-09-13
eyebuydirect,EyeBuyDirect,Vigo,,49.0,,https://www.eyebuydirect.com/eyeglasses/frames/vigo-black-l-20638,6,,,False,1,2026-09-13
eyebuydirect,EyeBuyDirect,Glister,,39.0,,https://www.eyebuydirect.com/eyeglasses/frames/glister-iridescent-purple-m-23140,6,,,False,1,2026-09-13
eyebuydirect,EyeBuyDirect,Whitmore,,49.0,,https://www.eyebuydirect.com/eyeglasses/frames/whitmore-tortoise-l-31524,6,,,False,1,2026-09-13
eyebuydirect,Ray-Ban,Ray-Ban RB5154 Clubmaster,,222.0,,https://www.eyebuydirect.com/eyeglasses/frames/ray-ban-rb5154-clubmaster-black-m-21217,6,,,False,1,2026-09-13
eyebuydirect,EyeBuyDirect,Ballast,,43.0,,https://www.eyebuydirect.com/eyeglasses/frames/ballast-black-l-19932,6,,,False,1,2026-09-13
eyebuydirect,EyeBuyDirect,Gadsby,,59.0,,https://www.eyebuydirect.com/eyeglasses/frames/gadsby-silver-l-30230,6,,,False,1,2026-09-13
eyebuydirect,EyeBuyDirect,Phoenix,,49.0,,https://www.eyebuydirect.com/eyeglasses/frames/phoenix-tortoise-s-20519,6,,,False,1,2026-09-13
eyebuydirect,EyeBuyDirect,Hollis,,73.0,,https://www.eyebuydirect.com/eyeglasses/frames/hollis-tortoise-gold-l-24145,6,,,False,1,2026-09-13
eyebuydirect,EyeBuyDirect,North,,79.0,,https://www.eyebuydirect.com/eyeglasses/frames/north-tortoise-m-20583,6,,,False,1,2026-09-13
eyebuydirect,Ray-Ban,Ray-Ban RB6375,,189.0,,https://www.eyebuydirect.com/eyeglasses/frames/ray-ban-rb6375-black-gold-m-21812,6,,,False,1,2026-09-13
eyebuydirect,EyeBuyDirect,Saunter,,23.0,,https://www.eyebuydirect.com/eyeglasses/frames/saunter-swirled-amber-s-18759,6,,,False,1,2026-09-13
eyebuydirect,EyeBuyDirect,Winefred,,33.0,,https://www.eyebuydirect.com/eyeglasses/frames/winefred-clear-l-29669,6,,,False,1,2026-09-13
eyebuydirect,EyeBuyDirect,Brittany,,23.0,,https://www.eyebuydirect.com/eyeglasses/frames/brittany-clear-blue-m-15663,6,,,False,1,2026-09-13
eyebuydirect,EyeBuyDirect,Clever,,59.0,,https://www.eyebuydirect.com/eyeglasses/frames/clever-tortoise-m-21430,6,,,False,1,2026-09-13
eyebuydirect,EyeBuyDirect,Canvas,,86.0,,https://www.eyebuydirect.com/eyeglasses/frames/canvas-black-l-22012,6,,,False,1,2026-09-13
eyebuydirect,EyeBuyDirect,Claudia,,59.0,,https://www.eyebuydirect.com/eyeglasses/frames/claudia-black-m-12737,6,,,False,1,2026-09-13
eyebuydirect,EyeBuyDirect,Perceive,,49.0,,https://www.eyebuydirect.com/eyeglasses/frames/perceive-black-gunmetal-m-19818,6,,,False,1,2026-09-13
eyebuydirect,EyeBuyDirect,Demo,,49.0,,https://www.eyebuydirect.com/eyeglasses/frames/demo-gray-m-20077,6,,,False,1,2026-09-13
eyebuydirect,EyeBuyDirect,Feline,,59.0,,https://www.eyebuydirect.com/eyeglasses/frames/feline-rose-gold-m-19807,6,,,False,1,2026-09-13
eyebuydirect,EyeBuyDirect,Renaissance,,59.0,,https://www.eyebuydirect.com/eyeglasses/frames/renaissance-black-gold-l-22423,6,,,False,1,2026-09-13
eyebuydirect,EyeBuyDirect,Mel,,43.0,,https://www.eyebuydirect.com/eyeglasses/frames/mel-gunmetal-m-13309,6,,,False,1,2026-09-13
eyebuydirect,EyeBuyDirect,Calvo,,33.0,,https://www.eyebuydirect.com/eyeglasses/frames/calvo-green-l-29782,6,,,False,1,2026-09-13
eyebuydirect,Oakley,Oakley Rafter,,172.0,,https://www.eyebuydirect.com/eyeglasses/frames/oakley-rafter-satin-black-l-27213,6,,,False,1,2026-09-13
eyebuydirect,EyeBuyDirect,Aiko,,59.0,,https://www.eyebuydirect.com/eyeglasses/frames/aiko-matte-rose-gold-m-27357,6,,,False,1,2026-09-13
eyebuydirect,EyeBuyDirect,Relive,,79.0,,https://www.eyebuydirect.com/eyeglasses/frames/relive-black-silver-l-19894,6,,,False,1,2026-09-13
eyebuydirect,rflkt,Sequence,,93.0,,https://www.eyebuydirect.com/eyeglasses/frames/sequence-translucent-m-22209,6,,,False,1,2026-09-13
eyebuydirect,EyeBuyDirect,Restore,,59.0,,https://www.eyebuydirect.com/eyeglasses/frames/restore-tortoise-m-30322,6,,,False,1,2026-09-13
eyebuydirect,EyeBuyDirect,Imagine,,59.0,,https://www.eyebuydirect.com/eyeglasses/frames/imagine-bronze-xl-23842,6,,,False,1,2026-09-13
eyebuydirect,EyeBuyDirect,Emerson,,29.0,,https://www.eyebuydirect.com/eyeglasses/frames/emerson-purple-l-32532,6,,,False,1,2026-09-13
eyebuydirect,rflkt,Ona,,69.0,,https://www.eyebuydirect.com/eyeglasses/frames/ona-ivory-tortoise-s-20902,7,,,False,1,2026-09-13
eyebuydirect,EyeBuyDirect,Furnace,,46.0,,https://www.eyebuydirect.com/eyeglasses/frames/furnace-black-red-l-23900,7,,,False,1,2026-09-13
eyebuydirect,titanium,Imani,,93.0,,https://www.eyebuydirect.com/eyeglasses/frames/imani-silver-l-21396,7,,,False,1,2026-09-13
eyebuydirect,EyeBuyDirect,Discover,,43.0,,https://www.eyebuydirect.com/eyeglasses/frames/discover-matte-silver-l-19167,7,,,False,1,2026-09-13
eyebuydirect,EyeBuyDirect,Emotion,,53.0,,https://www.eyebuydirect.com/eyeglasses/frames/emotion-light-gold-xl-22393,7,,,False,1,2026-09-13
eyebuydirect,EyeBuyDirect,Java,,49.0,,https://www.eyebuydirect.com/eyeglasses/frames/java-black-s-18093,7,,,False,1,2026-09-13
eyebuydirect,EyeBuyDirect,Actor,,86.0,,https://www.eyebuydirect.com/eyeglasses/frames/actor-black-gold-l-24119,7,,,False,1,2026-09-13
eyebuydirect,EyeBuyDirect,Giverny,73.0,52.0,30%,https://www.eyebuydirect.com/eyeglasses/frames/giverny-clear-l-20927,7,30.0,21.0,True,1,2026-09-13
eyebuydirect,EyeBuyDirect,Glen,,29.0,,https://www.eyebuydirect.com/eyeglasses/frames/glen-brown-l-32427,7,,,False,1,2026-09-13
eyebuydirect,EyeBuyDirect,Liora,,46.0,,https://www.eyebuydirect.com/eyeglasses/frames/liora-gold-l-30081,7,,,False,1,2026-09-13
eyebuydirect,EyeBuyDirect,Marion,,53.0,,https://www.eyebuydirect.com/eyeglasses/frames/marion-pink-tortoise-s-21710,7,,,False,1,2026-09-13
eyebuydirect,EyeBuyDirect,Acer,,39.0,,https://www.eyebuydirect.com/eyeglasses/frames/acer-crystal-nude-l-26450,7,,,False,1,2026-09-13
eyebuydirect,EyeBuyDirect,Roman,,59.0,,https://www.eyebuydirect.com/eyeglasses/frames/roman-silver-xl-21605,7,,,False,1,2026-09-13
eyebuydirect,EyeBuyDirect,Forte,,33.0,,https://www.eyebuydirect.com/eyeglasses/frames/forte-clear-l-21349,7,,,False,1,2026-09-13
eyebuydirect,EyeBuyDirect,Dearly,,59.0,,https://www.eyebuydirect.com/eyeglasses/frames/dearly-tortoise-l-21724,7,,,False,1,2026-09-13
eyebuydirect,EyeBuyDirect,Mikoto,53.0,38.0,30%,https://www.eyebuydirect.com/eyeglasses/frames/mikoto-light-brown-m-21733,7,30.0,15.0,True,1,2026-09-13
eyebuydirect,EyeBuyDirect,Shallows,,33.0,,https://www.eyebuydirect.com/eyeglasses/frames/shallows-blue-xs-19630,7,,,False,1,2026-09-13
eyebuydirect,EyeBuyDirect,Kyoto,,59.0,,https://www.eyebuydirect.com/eyeglasses/frames/kyoto-black-m-16925,7,,,False,1,2026-09-13
eyebuydirect,EyeBuyDirect,Foundry,,33.0,,https://www.eyebuydirect.com/eyeglasses/frames/foundry-black-l-18791,7,,,False,1,2026-09-13
eyebuydirect,Ralph,Ralph RA7158U,,141.0,,https://www.eyebuydirect.com/eyeglasses/frames/ralph-ra7158u-shiny-dark-tortoise-m-28688,7,,,False,1,2026-09-13
eyebuydirect,EyeBuyDirect,Milner,,43.0,,https://www.eyebuydirect.com/eyeglasses/frames/milner-gold-green-l-23976,7,,,False,1,2026-09-13
eyebuydirect,EyeBuyDirect,Video,,59.0,,https://www.eyebuydirect.com/eyeglasses/frames/video-matte-blue-l-24225,7,,,False,1,2026-09-13
eyebuydirect,EyeBuyDirect,Bistro,,43.0,,https://www.eyebuydirect.com/eyeglasses/frames/bistro-golden-l-20190,7,,,False,1,2026-09-13
eyebuydirect,EyeBuyDirect,South,,43.0,,https://www.eyebuydirect.com/eyeglasses/frames/south-gunmetal-s-17237,7,,,False,1,2026-09-13
eyebuydirect,EyeBuyDirect,Whoosh,,23.0,,https://www.eyebuydirect.com/eyeglasses/frames/whoosh-gray-green-m-31418,7,,,False,1,2026-09-13
eyebuydirect,Ray-Ban,Ray-Ban Wayfarer Ease Change,,210.0,,https://www.eyebuydirect.com/eyeglasses/frames/ray-ban-rb4340v-black-l-21215,7,,,False,1,2026-09-13
eyebuydirect,EyeBuyDirect,Pursuit,,53.0,,https://www.eyebuydirect.com/eyeglasses/frames/pursuit-purple-m-20786,7,,,False,1,2026-09-13
eyebuydirect,EyeBuyDirect,Studio,,53.0,,https://www.eyebuydirect.com/eyeglasses/frames/studio-coffee-l-20346,7,,,False,1,2026-09-13
eyebuydirect,EyeBuyDirect,Vivienne,,59.0,,https://www.eyebuydirect.com/eyeglasses/frames/vivienne-tortoise-m-25708,7,,,False,1,2026-09-13
eyebuydirect,EyeBuyDirect,Lance,,39.0,,https://www.eyebuydirect.com/eyeglasses/frames/lance-black-m-32561,7,,,False,1,2026-09-13
eyebuydirect,EyeBuyDirect,Snap,,59.0,,https://www.eyebuydirect.com/eyeglasses/frames/snap-tortoise-s-21467,8,,,False,1,2026-09-13
eyebuydirect,EyeBuyDirect,Charlotte,,43.0,,https://www.eyebuydirect.com/eyeglasses/frames/charlotte-clear-pink-s-22352,8,,,False,1,2026-09-13
eyebuydirect,EyeBuyDirect,Star,,59.0,,https://www.eyebuydirect.com/eyeglasses/frames/star-rose-gold-l-20007,8,,,False,1,2026-09-13
eyebuydirect,EyeBuyDirect,Altar,,53.0,,https://www.eyebuydirect.com/eyeglasses/frames/altar-pink-gold-l-21742,8,,,False,1,2026-09-13
eyebuydirect,EyeBuyDirect,Holmes,,23.0,,https://www.eyebuydirect.com/eyeglasses/frames/holmes-brown-m-20143,8,,,False,1,2026-09-13
eyebuydirect,EyeBuyDirect,Dapper,,53.0,,https://www.eyebuydirect.com/eyeglasses/frames/dapper-rose-gold-l-20352,8,,,False,1,2026-09-13
eyebuydirect,EyeBuyDirect,Earl,,23.0,,https://www.eyebuydirect.com/eyeglasses/frames/earl-navy-m-19780,8,,,False,1,2026-09-13
eyebuydirect,titanium,Future,,93.0,,https://www.eyebuydirect.com/eyeglasses/frames/future-golden-m-20068,8,,,False,1,2026-09-13
eyebuydirect,EyeBuyDirect,Terrain,,46.0,,https://www.eyebuydirect.com/eyeglasses/frames/terrain-black-tortoise-l-23996,8,,,False,1,2026-09-13
eyebuydirect,Oakley,Oakley Plank 2.0,,187.0,,https://www.eyebuydirect.com/eyeglasses/frames/oakley-plank-2-0-satin-black-s-21179,8,,,False,1,2026-09-13
eyebuydirect,EyeBuyDirect,Athena,,39.0,,https://www.eyebuydirect.com/eyeglasses/frames/athena-rose-gold-m-20525,8,,,False,1,2026-09-13
eyebuydirect,EyeBuyDirect,Corey,,66.0,,https://www.eyebuydirect.com/eyeglasses/frames/corey-tortoise-l-22024,8,,,False,1,2026-09-13
eyebuydirect,EyeBuyDirect,Carey,,26.0,,https://www.eyebuydirect.com/eyeglasses/frames/carey-gold-l-32405,8,,,False,1,2026-09-13
eyebuydirect,EyeBuyDirect,Pickering,,59.0,,https://www.eyebuydirect.com/eyeglasses/frames/pickering-gunmetal-l-12007,8,,,False,1,2026-09-13
eyebuydirect,EyeBuyDirect,Modern,,43.0,,https://www.eyebuydirect.com/eyeglasses/frames/modern-clear-pink-m-23876,8,,,False,1,2026-09-13
eyebuydirect,EyeBuyDirect,Greta,,49.0,,https://www.eyebuydirect.com/eyeglasses/frames/greta-clear-pink-s-21564,8,,,False,1,2026-09-13
eyebuydirect,EyeBuyDirect,Novel,,43.0,,https://www.eyebuydirect.com/eyeglasses/frames/novel-black-m-20192,8,,,False,1,2026-09-13
eyebuydirect,EyeBuyDirect,Iconic,,73.0,,https://www.eyebuydirect.com/eyeglasses/frames/iconic-tortoise-silver-l-22480,8,,,False,1,2026-09-13
eyebuydirect,Ray-Ban,Ray-Ban RB6363,,210.0,,https://www.eyebuydirect.com/eyeglasses/frames/ray-ban-rb6363-black-gold-l-24326,8,,,False,1,2026-09-13
eyebuydirect,EyeBuyDirect,Biblio,,73.0,,https://www.eyebuydirect.com/eyeglasses/frames/biblio-black-l-20489,8,,,False,1,2026-09-13
eyebuydirect,EyeBuyDirect,Pearl,,53.0,,https://www.eyebuydirect.com/eyeglasses/frames/pearl-red-m-18297,8,,,False,1,2026-09-13
eyebuydirect,EyeBuyDirect,Carola,,43.0,,https://www.eyebuydirect.com/eyeglasses/frames/carola-clear-yellow-m-23867,8,,,False,1,2026-09-13
eyebuydirect,EyeBuyDirect,Little Charlotte,,43.0,,https://www.eyebuydirect.com/eyeglasses/frames/little-charlotte-pink-xs-20954,8,,,False,1,2026-09-13
eyebuydirect,EyeBuyDirect,Lenny,,73.0,,https://www.eyebuydirect.com/eyeglasses/frames/lenny-tortoise-l-21770,8,,,False,1,2026-09-13
eyebuydirect,EyeBuyDirect,Takashi,,39.0,,https://www.eyebuydirect.com/eyeglasses/frames/takashi-green-gold-xl-21835,8,,,False,1,2026-09-13
eyebuydirect,EyeBuyDirect,Positivity,,46.0,,https://www.eyebuydirect.com/eyeglasses/frames/positivity-orange-pink-l-27710,8,,,False,1,2026-09-13
eyebuydirect,EyeBuyDirect,Clayton,,79.0,,https://www.eyebuydirect.com/eyeglasses/frames/clayton-dark-green-gold-xl-24129,8,,,False,1,2026-09-13
eyebuydirect,EyeBuyDirect,Fitzgerald,,49.0,,https://www.eyebuydirect.com/eyeglasses/frames/fitzgerald-bronze-s-13403,8,,,False,1,2026-09-13
eyebuydirect,EyeBuyDirect,Oak,39.0,20.0,50%,https://www.eyebuydirect.com/eyeglasses/frames/oak-crystal-yellow-m-26454,8,50.0,19.0,True,1,2026-09-13
eyebuydirect,EyeBuyDirect,Meridian,,53.0,,https://www.eyebuydirect.com/eyeglasses/frames/meridian-black-m-22757,8,,,False,1,2026-09-13
eyebuydirect,EyeBuyDirect,Spoken,,29.0,,https://www.eyebuydirect.com/eyeglasses/frames/spoken-black-s-20158,9,,,False,1,2026-09-13
eyebuydirect,EyeBuyDirect,Barclay,,33.0,,https://www.eyebuydirect.com/eyeglasses/frames/barclay-brown-l-29688,9,,,False,1,2026-09-13
eyebuydirect,EyeBuyDirect,Generous,,59.0,,https://www.eyebuydirect.com/eyeglasses/frames/generous-matte-gold-l-21876,9,,,False,1,2026-09-13
eyebuydirect,EyeBuyDirect,Morgan,,39.0,,https://www.eyebuydirect.com/eyeglasses/frames/morgan-silver-l-32603,9,,,False,1,2026-09-13
eyebuydirect,EyeBuyDirect,Granada,,43.0,,https://www.eyebuydirect.com/eyeglasses/frames/granada-dark-brown-l-23852,9,,,False,1,2026-09-13
eyebuydirect,EyeBuyDirect,Alchemist,,86.0,,https://www.eyebuydirect.com/eyeglasses/frames/alchemist-black-m-19850,9,,,False,1,2026-09-13
eyebuydirect,EyeBuyDirect,Team,,33.0,,https://www.eyebuydirect.com/eyeglasses/frames/team-matte-black-l-22600,9,,,False,1,2026-09-13
eyebuydirect,EyeBuyDirect,Coppi Clip-On,,59.0,,https://www.eyebuydirect.com/eyeglasses/frames/coppi-clip-on-red-l-29741,9,,,False,1,2026-09-13
eyebuydirect,Ray-Ban,Ray-Ban RB7185,,162.0,,https://www.eyebuydirect.com/eyeglasses/frames/ray-ban-rb7185-black-m-24304,9,,,False,1,2026-09-13
eyebuydirect,EyeBuyDirect,Ledger,,49.0,,https://www.eyebuydirect.com/eyeglasses/frames/ledger-golden-s-18895,9,,,False,1,2026-09-13
eyebuydirect,EyeBuyDirect,Vince,,43.0,,https://www.eyebuydirect.com/eyeglasses/frames/vince-gunmetal-m-19774,9,,,False,1,2026-09-13
eyebuydirect,EyeBuyDirect,Nina,,73.0,,https://www.eyebuydirect.com/eyeglasses/frames/nina-crystal-olive-green-s-25390,9,,,False,1,2026-09-13
eyebuydirect,EyeBuyDirect,Etymology,,49.0,,https://www.eyebuydirect.com/eyeglasses/frames/etymology-light-gold-xl-22390,9,,,False,1,2026-09-13
eyebuydirect,EyeBuyDirect,Modernity,,59.0,,https://www.eyebuydirect.com/eyeglasses/frames/modernity-tortoise-gold-l-22899,9,,,False,1,2026-09-13
eyebuydirect,EyeBuyDirect,Delancey,,59.0,,https://www.eyebuydirect.com/eyeglasses/frames/delancey-tortoise-gold-l-24153,9,,,False,1,2026-09-13
eyebuydirect,EyeBuyDirect,Adriatic,,49.0,,https://www.eyebuydirect.com/eyeglasses/frames/adriatic-tortoise-l-23269,9,,,False,1,2026-09-13
eyebuydirect,EyeBuyDirect,Moon River,,49.0,,https://www.eyebuydirect.com/eyeglasses/frames/moon-river-clear-green-l-20686,9,,,False,1,2026-09-13
eyebuydirect,EyeBuyDirect,Sing,,59.0,,https://www.eyebuydirect.com/eyeglasses/frames/sing-clear-purple-m-22206,9,,,False,1,2026-09-13
eyebuydirect,rflkt,Planete,,89.0,,https://www.eyebuydirect.com/eyeglasses/frames/planete-floral-l-19834,9,,,False,1,2026-09-13
eyebuydirect,EyeBuyDirect,Bowen,,26.0,,https://www.eyebuydirect.com/eyeglasses/frames/bowen-brown-s-32463,9,,,False,1,2026-09-13
eyebuydirect,EyeBuyDirect,Murphy,,86.0,,https://www.eyebuydirect.com/eyeglasses/frames/murphy-tortoise-xl-21753,9,,,False,1,2026-09-13
eyebuydirect,Oakley,Oakley Socket 5.5,,227.0,,https://www.eyebuydirect.com/eyeglasses/frames/oakley-socket-5-5-satin-black-blue-m-21193,9,,,False,1,2026-09-13
eyebuydirect,titanium,Ebb,,93.0,,https://www.eyebuydirect.com/eyeglasses/frames/ebb-silver-m-18113,9,,,False,1,2026-09-13
eyebuydirect,EyeBuyDirect,Hadley,,59.0,,https://www.eyebuydirect.com/eyeglasses/frames/hadley-clear-gold-l-24111,9,,,False,1,2026-09-13
eyebuydirect,EyeBuyDirect,Chief,,49.0,,https://www.eyebuydirect.com/eyeglasses/frames/chief-brown-m-20099,9,,,False,1,2026-09-13
eyebuydirect,EyeBuyDirect,Dana,,26.0,,https://www.eyebuydirect.com/eyeglasses/frames/dana-clear-brown-l-32491,9,,,False,1,2026-09-13
eyebuydirect,EyeBuyDirect,Abazam,,49.0,,https://www.eyebuydirect.com/eyeglasses/frames/abazam-rose-gold-m-22159,9,,,False,1,2026-09-13
eyebuydirect,EyeBuyDirect,Rhode Island,,49.0,,https://www.eyebuydirect.com/eyeglasses/frames/rhode-island-clear-s-19596,9,,,False,1,2026-09-13
eyebuydirect,EyeBuyDirect,Aesthetic,,53.0,,https://www.eyebuydirect.com/eyeglasses/frames/aesthetic-gold-xl-23123,9,,,False,1,2026-09-13
eyebuydirect,EyeBuyDirect,Vienna,,33.0,,https://www.eyebuydirect.com/eyeglasses/frames/vienna-gray-m-18923,9,,,False,1,2026-09-13
eyebuydirect,EyeBuyDirect,Zippity,,23.0,,https://www.eyebuydirect.com/eyeglasses/frames/zippity-red-xs-31414,10,,,False,1,2026-09-13
eyebuydirect,EyeBuyDirect,Her,,66.0,,https://www.eyebuydirect.com/eyeglasses/frames/her-black-s-13597,10,,,False,1,2026-09-13
eyebuydirect,EyeBuyDirect,Thinker,,43.0,,https://www.eyebuydirect.com/eyeglasses/frames/thinker-clear-pink-xs-20848,10,,,False,1,2026-09-13
eyebuydirect,EyeBuyDirect,Maxwell,,86.0,,https://www.eyebuydirect.com/eyeglasses/frames/maxwell-black-xl-21694,10,,,False,1,2026-09-13
eyebuydirect,EyeBuyDirect,Leap,,43.0,,https://www.eyebuydirect.com/eyeglasses/frames/leap-blue-xs-21126,10,,,False,1,2026-09-13
eyebuydirect,EyeBuyDirect,Ashley,,86.0,,https://www.eyebuydirect.com/eyeglasses/frames/ashley-tortoise-xl-22106,10,,,False,1,2026-09-13
eyebuydirect,EyeBuyDirect,Petal,,59.0,,https://www.eyebuydirect.com/eyeglasses/frames/petal-pink-tortoise-m-20710,10,,,False,1,2026-09-13
eyebuydirect,EyeBuyDirect,Castle,,79.0,,https://www.eyebuydirect.com/eyeglasses/frames/castle-gunmetal-xl-20694,10,,,False,1,2026-09-13
eyebuydirect,EyeBuyDirect,Time Square,,59.0,,https://www.eyebuydirect.com/eyeglasses/frames/time-square-black-m-13103,10,,,False,1,2026-09-13
eyebuydirect,EyeBuyDirect,Gustave,,46.0,,https://www.eyebuydirect.com/eyeglasses/frames/gustave-black-gold-l-23185,10,,,False,1,2026-09-13
eyebuydirect,EyeBuyDirect,Dulce,,53.0,,https://www.eyebuydirect.com/eyeglasses/frames/dulce-blue-m-20597,10,,,False,1,2026-09-13
eyebuydirect,Ray-Ban,Ray-Ban RB3447V,,210.0,,https://www.eyebuydirect.com/eyeglasses/frames/ray-ban-rb3447v-arista-gold-l-32884,10,,,False,1,2026-09-13
eyebuydirect,EyeBuyDirect,Patti,,66.0,,https://www.eyebuydirect.com/eyeglasses/frames/patti-crystal-beige-m-25392,10,,,False,1,2026-09-13
eyebuydirect,EyeBuyDirect,Redford,,33.0,,https://www.eyebuydirect.com/eyeglasses/frames/redford-silver-l-29667,10,,,False,1,2026-09-13
eyebuydirect,Ray-Ban,Ray-Ban RB5279,,186.0,,https://www.eyebuydirect.com/eyeglasses/frames/ray-ban-rb5279-black-m-24319,10,,,False,1,2026-09-13
eyebuydirect,EyeBuyDirect,Panoply,,43.0,,https://www.eyebuydirect.com/eyeglasses/frames/panoply-clear-pink-m-23865,10,,,False,1,2026-09-13
eyebuydirect,Oakley Meta,Oakley Meta HSTN,,399.0,,https://www.eyebuydirect.com/ai-glasses/frames/oakley-meta-hstn-black-l-31628,10,,,False,1,2026-09-13
eyebuydirect,EyeBuyDirect,Cali,,49.0,,https://www.eyebuydirect.com/eyeglasses/frames/cali-ivory-tortoise-s-23475,10,,,False,1,2026-09-13
eyebuydirect,EyeBuyDirect,Billings,,53.0,,https://www.eyebuydirect.com/eyeglasses/frames/billings-black-m-6486,10,,,False,1,2026-09-13
eyebuydirect,5-to-see,Moringa,,59.0,,https://www.eyebuydirect.com/eyeglasses/frames/moringa-abyssal-blue-l-22122,10,,,False,1,2026-09-13
eyebuydirect,EyeBuyDirect,Saturday,,59.0,,https://www.eyebuydirect.com/eyeglasses/frames/saturday-black-xl-25989,10,,,False,1,2026-09-13
eyebuydirect,EyeBuyDirect,Sublime,,43.0,,https://www.eyebuydirect.com/eyeglasses/frames/sublime-black-golden-m-16977,10,,,False,1,2026-09-13
eyebuydirect,EyeBuyDirect,Alette,,59.0,,https://www.eyebuydirect.com/eyeglasses/frames/alette-clear-purple-s-20656,10,,,False,1,2026-09-13
eyebuydirect,EyeBuyDirect,Haley,,29.0,,https://www.eyebuydirect.com/eyeglasses/frames/haley-purple-s-32820,10,,,False,1,2026-09-13
eyebuydirect,EyeBuyDirect,Maggie,,46.0,,https://www.eyebuydirect.com/eyeglasses/frames/maggie-purple-m-22674,10,,,False,1,2026-09-13
eyebuydirect,titanium,Alum,,86.0,,https://www.eyebuydirect.com/eyeglasses/frames/alum-black-gold-l-22190,10,,,False,1,2026-09-13
eyebuydirect,EyeBuyDirect,Prologue,43.0,31.0,30%,https://www.eyebuydirect.com/eyeglasses/frames/prologue-cream-m-19644,10,30.0,12.0,True,1,2026-09-13
eyebuydirect,EyeBuyDirect,Quartet,,33.0,,https://www.eyebuydirect.com/eyeglasses/frames/quartet-clear-s-20950,10,,,False,1,2026-09-13
eyebuydirect,EyeBuyDirect,Owen,,59.0,,https://www.eyebuydirect.com/eyeglasses/frames/owen-black-l-21672,10,,,False,1,2026-09-13
eyebuydirect,EyeBuyDirect,Marilou,,29.0,,https://www.eyebuydirect.com/eyeglasses/frames/marilou-clear-cobalt-s-19501,10,,,False,1,2026-09-13
,Oakley,Wire Tap 2.0 RX,,387.0,,https://www.framesdirect.com/oakley-wire-tap-2.0-rx-eyeglasses?color=3,1,,,False,0,2026-09-13
,Ray-Ban,RB7047,,176.0,,https://www.framesdirect.com/ray-ban-rb7047-eyeglasses?color=10007662,1,,,False,0,2026-09-13
,Versace,VE1285,300.0,210.0,30%,https://www.framesdirect.com/versace-ve1285-eyeglasses?color=3,1,30.0,90.0,True,0,2026-09-13
,Oakley,Airdrop,,227.0,,https://www.framesdirect.com/oakley-airdrop-eyeglasses?color=1,1,,,False,0,2026-09-13
,Costa,Ocean Ridge 400,,211.0,,https://www.framesdirect.com/costa-ocean-ridge-400-eyeglasses?color=1,1,,,False,0,2026-09-13
,Polo,PH2083,201.0,140.7,30%,https://www.framesdirect.com/polo-ph2083-eyeglasses?color=499297,1,30.0,60.30000000000001,True,0,2026-09-13
,RALPH by Ralph Lauren,RA7158U,141.0,98.7,30%,https://www.framesdirect.com/ralph-by-ralph-lauren-ra7158u-eyeglasses?color=1,1,30.0,42.3,True,0,2026-09-13
,Ray-Ban,RB5397 - Elliot Optics,,210.0,,https://www.framesdirect.com/ray-ban-rb5397-elliot-optics-eyeglasses?color=1,1,,,False,0,2026-09-13
,Burberry,BE2073,249.0,174.3,30%,https://www.framesdirect.com/burberry-be2073-eyeglasses?color=469971,1,30.0,74.69999999999999,True,0,2026-09-13
,Oakley,Socket 5.5,,227.0,,https://www.framesdirect.com/oakley-socket-5.5-eyeglasses?color=13,1,,,False,0,2026-09-13
,Ray-Ban,RB4340V Wayfarer Ease,,210.0,,https://www.framesdirect.com/ray-ban-rb4340v-eyeglasses?color=10021732,1,,,False,0,2026-09-13
,Kate Spade,KS Marnie 2/G,240.0,168.0,30%,https://www.framesdirect.com/kate-spade-ks-marnie-2-g-eyeglasses?color=2,1,30.0,72.0,True,0,2026-09-13
,Oakley,Plank 2.0,,187.0,,https://www.framesdirect.com/oakley-plank-2.0-eyeglasses?color=6,1,,,False,0,2026-09-13
,Ray-Ban,RB3447V Round Metal,,210.0,,https://www.framesdirect.com/ray-ban-rb3447v-round-metal-eyeglasses?color=10020477,1,,,False,0,2026-09-13
,XXL,Tuga,197.38,98.69,50%,https://www.framesdirect.com/xxl-tuga-eyeglasses?color=3,1,50.0,98.69,True,0,2026-09-13
,Costa,Ocean Ridge 820,,141.0,,https://www.framesdirect.com/costa-ocean-ridge-820-eyeglasses?color=2,1,,,False,0,2026-09-13
,Giorgio Armani,AR7074,327.0,228.9,30%,https://www.framesdirect.com/giorgio-armani-ar7074-eyeglasses?color=10052175,1,30.0,98.1,True,0,2026-09-13
,Burberry,BE1268,249.0,174.3,30%,https://www.framesdirect.com/burberry-be1268-eyeglasses?color=10003834,1,30.0,74.69999999999999,True,0,2026-09-13
,Ray-Ban,RB6335,,210.0,,https://www.framesdirect.com/ray-ban-rb6335-eyeglasses?color=10009371,1,,,False,0,2026-09-13
,Gucci,GG2144Oj,400.0,340.0,15%,https://www.framesdirect.com/gucci-gg2144oj-eyeglasses?color=10061716,1,15.0,60.0,True,0,2026-09-13
,Oakley,Holbrook RX,,187.0,,https://www.framesdirect.com/oakley-holbrook-rx-eyeglasses?color=1,1,,,False,0,2026-09-13
,Dolce & Gabbana,DG3363,288.0,144.0,50%,https://www.framesdirect.com/dolce-gabbana-dg3363-eyeglasses?color=6,1,50.0,144.0,True,0,2026-09-13
,Oakley,Tie Bar 0.5,,387.0,,https://www.framesdirect.com/oakley-tie-bar-0.5-eyeglasses?color=3,1,,,False,0,2026-09-13
,Ray-Ban,RB5154 Clubmaster,,222.0,,https://www.framesdirect.com/ray-ban-rb5154-clubmaster-eyeglasses?color=392445,1,,,False,0,2026-09-13
,Kate Spade,Lucyann 2,230.0,161.0,30%,https://www.framesdirect.com/kate-spade-lucyann-2-eyeglasses?color=5021770,2,30.0,69.0,True,0,2026-09-13
,Versace,VE1274,298.0,208.6,30%,https://www.framesdirect.com/versace-ve1274-eyeglasses?color=10051376,2,30.0,89.4,True,0,2026-09-13
,Ray-Ban,RB6421,,210.0,,https://www.framesdirect.com/ray-ban-rb6421-eyeglasses?color=10026944,2,,,False,0,2026-09-13
,Oakley,HSTN SQ,,227.0,,https://www.framesdirect.com/oakley-hstn-sq-eyeglasses?color=10057640,2,,,False,0,2026-09-13
,Diesel,DL5002,170.0,119.0,30%,https://www.framesdirect.com/diesel-dl5002-eyeglasses?color=1,2,30.0,51.0,True,0,2026-09-13
,Ray-Ban,RB7185,,162.0,,https://www.framesdirect.com/ray-ban-rb7185-eyeglasses?color=10047186,2,,,False,0,2026-09-13
,Oakley,Hex Jector - Alternate Fit (TruBridge),,187.0,,https://www.framesdirect.com/oakley-hex-jector-alternate-fit-eyeglasses?color=2,2,,,False,0,2026-09-13
,Costa,Ocean Ridge 720,,197.0,,https://www.framesdirect.com/costa-ocean-ridge-720-eyeglasses?color=2,2,,,False,0,2026-09-13
,Scuderia Ferrari,FZ7009,215.0,150.5,30%,https://www.framesdirect.com/scuderia-ferrari-fz7009-eyeglasses?color=1,2,30.0,64.5,True,0,2026-09-13
,Burberry,BE1392,421.0,294.7,30%,https://www.framesdirect.com/burberry-be1392-eyeglasses?color=1,2,30.0,126.30000000000001,True,0,2026-09-13
,Ray-Ban,RB3681V,,162.0,,https://www.framesdirect.com/ray-ban-rb3681v-eyeglasses?color=3,2,,,False,0,2026-09-13
,Oakley,Liteboard,,172.0,,https://www.framesdirect.com/oakley-liteboard-eyeglasses?color=10057590,2,,,False,0,2026-09-13
,Ray-Ban,RB7190,,162.0,,https://www.framesdirect.com/ray-ban-rb7190-eyeglasses?color=10051085,2,,,False,0,2026-09-13
,Costa,Ocean Ridge 710,,197.0,,https://www.framesdirect.com/costa-ocean-ridge-710-eyeglasses?color=1,2,,,False,0,2026-09-13
,Oakley,Tincup,,346.0,,https://www.framesdirect.com/oakley-tincup-eyeglasses?color=2,2,,,False,0,2026-09-13
,Tiffany & Co.,TF2271,453.0,317.1,30%,https://www.framesdirect.com/tiffany-co.-tf2271-eyeglasses?color=2,2,30.0,135.89999999999998,True,0,2026-09-13
,Dolce & Gabbana,DG1361,480.0,336.0,30%,https://www.framesdirect.com/dolce-gabbana-dg1361-eyeglasses?color=1,2,30.0,144.0,True,0,2026-09-13
,Gucci,GG2131O,490.0,416.5,15%,https://www.framesdirect.com/gucci-gg2131o-eyeglasses?color=10061708,2,15.0,73.5,True,0,2026-09-13
,XXL,Sabercat,182.38,91.19,50%,https://www.framesdirect.com/xxl-sabercat-eyeglasses?color=1,2,50.0,91.19,True,0,2026-09-13
,Ray-Ban,RB5406,,189.0,,https://www.framesdirect.com/ray-ban-rb5406-eyeglasses?color=4,2,,,False,0,2026-09-13
,Oakley,Hex Jector (TruBridge),,187.0,,https://www.framesdirect.com/oakley-hex-jector-eyeglasses?color=4,2,,,False,0,2026-09-13
,Versace,VE3404D,286.0,200.2,30%,https://www.framesdirect.com/versace-ve3404d-eyeglasses?color=3,2,30.0,85.80000000000001,True,0,2026-09-13
,Versace,VE3399U,286.0,200.2,30%,https://www.framesdirect.com/versace-ve3399u-eyeglasses?color=3,2,30.0,85.80000000000001,True,0,2026-09-13
,Versace,VE3398F,286.0,200.2,30%,https://www.framesdirect.com/versace-ve3398f-eyeglasses?color=3,2,30.0,85.80000000000001,True,0,2026-09-13
,Versace,VE3398,286.0,200.2,30%,https://www.framesdirect.com/versace-ve3398-eyeglasses?color=3,3,30.0,85.80000000000001,True,0,2026-09-13
,Versace,VE3397U,286.0,200.2,30%,https://www.framesdirect.com/versace-ve3397u-eyeglasses?color=10063428,3,30.0,85.80000000000001,True,0,2026-09-13
,Versace,VE1326,406.0,284.2,30%,https://www.framesdirect.com/versace-ve1326-eyeglasses?color=10063416,3,30.0,121.80000000000001,True,0,2026-09-13
,Versace,VE1325D,316.0,221.2,30%,https://www.framesdirect.com/versace-ve1325d-eyeglasses?color=10063413,3,30.0,94.80000000000001,True,0,2026-09-13
,Versace,VE1324D,316.0,221.2,30%,https://www.framesdirect.com/versace-ve1324d-eyeglasses?color=10063410,3,30.0,94.80000000000001,True,0,2026-09-13
,Versace,VE1323,406.0,284.2,30%,https://www.framesdirect.com/versace-ve1323-eyeglasses?color=10063407,3,30.0,121.80000000000001,True,0,2026-09-13
,Versace,VE1322,480.0,336.0,30%,https://www.framesdirect.com/versace-ve1322-eyeglasses?color=10063404,3,30.0,144.0,True,0,2026-09-13
,Versace,VE1320,480.0,336.0,30%,https://www.framesdirect.com/versace-ve1320-eyeglasses?color=10063403,3,30.0,144.0,True,0,2026-09-13
,Burberry,BE2475D,296.0,207.2,30%,https://www.framesdirect.com/burberry-be2475d-eyeglasses?color=10063180,3,30.0,88.80000000000001,True,0,2026-09-13
,Burberry,BE2474D,311.0,217.7,30%,https://www.framesdirect.com/burberry-be2474d-eyeglasses?color=10063176,3,30.0,93.30000000000001,True,0,2026-09-13
,Burberry,BE2473D,311.0,217.7,30%,https://www.framesdirect.com/burberry-be2473d-eyeglasses?color=10063172,3,30.0,93.30000000000001,True,0,2026-09-13
,Burberry,BE2471U,296.0,207.2,30%,https://www.framesdirect.com/burberry-be2471u-eyeglasses?color=10063168,3,30.0,88.80000000000001,True,0,2026-09-13
,Burberry,BE2470U,296.0,207.2,30%,https://www.framesdirect.com/burberry-be2470u-eyeglasses?color=10063164,3,30.0,88.80000000000001,True,0,2026-09-13
,Burberry,BE2467F,356.0,249.2,30%,https://www.framesdirect.com/burberry-be2467f-eyeglasses?color=10063160,3,30.0,106.80000000000001,True,0,2026-09-13
,Burberry,BE2467,356.0,249.2,30%,https://www.framesdirect.com/burberry-be2467-eyeglasses?color=10063156,3,30.0,106.80000000000001,True,0,2026-09-13
,Burberry,BE2466F,356.0,249.2,30%,https://www.framesdirect.com/burberry-be2466f-eyeglasses?color=10063153,3,30.0,106.80000000000001,True,0,2026-09-13
,Burberry,BE2466,356.0,249.2,30%,https://www.framesdirect.com/burberry-be2466-eyeglasses?color=10063149,3,30.0,106.80000000000001,True,0,2026-09-13
,Burberry,BE2465U,311.0,217.7,30%,https://www.framesdirect.com/burberry-be2465u-eyeglasses?color=10063145,3,30.0,93.30000000000001,True,0,2026-09-13
,Burberry,BE2464U,311.0,217.7,30%,https://www.framesdirect.com/burberry-be2464u-eyeglasses?color=10063141,3,30.0,93.30000000000001,True,0,2026-09-13
,Burberry,BE2463U,311.0,217.7,30%,https://www.framesdirect.com/burberry-be2463u-eyeglasses?color=10063137,3,30.0,93.30000000000001,True,0,2026-09-13
,Burberry,BE1405,390.0,273.0,30%,https://www.framesdirect.com/burberry-be1405-eyeglasses?color=10063120,3,30.0,117.0,True,0,2026-09-13
,Ray-Ban,RB6558,,186.0,,https://www.framesdirect.com/ray-ban-rb6558-eyeglasses?color=10063096,3,,,False,0,2026-09-13
,Ray-Ban,RB5510,,210.0,,https://www.framesdirect.com/ray-ban-rb5510-eyeglasses?color=10063094,3,,,False,0,2026-09-13
,Ray-Ban,RB5461D,,210.0,,https://www.framesdirect.com/ray-ban-rb5461d-eyeglasses?color=10063092,3,,,False,0,2026-09-13
,Ray-Ban,RB5460,,195.0,,https://www.framesdirect.com/ray-ban-rb5460-eyeglasses?color=10063086,4,,,False,0,2026-09-13
,Ray-Ban,RB5458D,,210.0,,https://www.framesdirect.com/ray-ban-rb5458d-eyeglasses?color=1,4,,,False,0,2026-09-13
,Ray-Ban,RB5457D,,210.0,,https://www.framesdirect.com/ray-ban-rb5457d-eyeglasses?color=10063082,4,,,False,0,2026-09-13
,Ray-Ban,RB5456,,186.0,,https://www.framesdirect.com/ray-ban-rb5456-eyeglasses?color=10063079,4,,,False,0,2026-09-13
,Ray-Ban,RB5455F,,186.0,,https://www.framesdirect.com/ray-ban-rb5455f-eyeglasses?color=1,4,,,False,0,2026-09-13
,Ray-Ban,RB5455,,186.0,,https://www.framesdirect.com/ray-ban-rb5455-eyeglasses?color=10063069,4,,,False,0,2026-09-13
,Ray-Ban,RB3793V,,222.0,,https://www.framesdirect.com/ray-ban-rb3793v-eyeglasses?color=10063054,4,,,False,0,2026-09-13
,Ray-Ban,RB3792V,,195.0,,https://www.framesdirect.com/ray-ban-rb3792v-eyeglasses?color=10063052,4,,,False,0,2026-09-13
,Oakley,Pitchman R (Low Bridge Fit),,255.0,,https://www.framesdirect.com/oakley-pitchman-r-low-bridge-fit-eyeglasses?color=10063016,4,,,False,0,2026-09-13
,Oakley,Paracord X,,242.0,,https://www.framesdirect.com/oakley-paracord-x-eyeglasses?color=10063030,4,,,False,0,2026-09-13
,Oakley,Holbrook,,187.0,,https://www.framesdirect.com/oakley-holbrook-eyeglasses?color=10063018,4,,,False,0,2026-09-13
,Oakley,Enigma Echo,,255.0,,https://www.framesdirect.com/oakley-enigma-echo-eyeglasses?color=10063035,4,,,False,0,2026-09-13
,Oakley,BMNG ARC,,242.0,,https://www.framesdirect.com/oakley-bmng-arc-eyeglasses?color=10063024,4,,,False,0,2026-09-13
,Costa,Ocean Ridge 840,,141.0,,https://www.framesdirect.com/costa-ocean-ridge-840-eyeglasses?color=10063008,4,,,False,0,2026-09-13
,Costa,Ocean Ridge 430,,211.0,,https://www.framesdirect.com/costa-ocean-ridge-430-eyeglasses?color=10063011,4,,,False,0,2026-09-13
,Costa,Bimini Road 640,,211.0,,https://www.framesdirect.com/costa-bimini-road-640-eyeglasses?color=10062998,4,,,False,0,2026-09-13
,Ray-Ban,RB2221VF,,210.0,,https://www.framesdirect.com/ray-ban-rb2221vf-eyeglasses?color=1,4,,,False,0,2026-09-13
,Ray-Ban,RB8777D,,277.0,,https://www.framesdirect.com/ray-ban-rb8777d-eyeglasses?color=10062884,4,,,False,0,2026-09-13
,Ray-Ban,RB8776D,,277.0,,https://www.framesdirect.com/ray-ban-rb8776d-eyeglasses?color=10062882,4,,,False,0,2026-09-13
,Ray-Ban,RB7683V,,344.0,,https://www.framesdirect.com/ray-ban-rb7683v-eyeglasses?color=1,4,,,False,0,2026-09-13
,Ray-Ban,RB7553,,276.0,,https://www.framesdirect.com/ray-ban-rb7553-eyeglasses?color=10062872,4,,,False,0,2026-09-13
,Ray-Ban,RB7552,,276.0,,https://www.framesdirect.com/ray-ban-rb7552-eyeglasses?color=10062869,4,,,False,0,2026-09-13
,Ray-Ban,RB7551,,263.0,,https://www.framesdirect.com/ray-ban-rb7551-eyeglasses?color=10062865,4,,,False,0,2026-09-13
,Ray-Ban,RB7550,,263.0,,https://www.framesdirect.com/ray-ban-rb7550-eyeglasses?color=10062860,4,,,False,0,2026-09-13
,Ray-Ban,RB7260F,,210.0,,https://www.framesdirect.com/ray-ban-rb7260f-eyeglasses?color=10062849,5,,,False,0,2026-09-13
,Ray-Ban,RB7258F,,176.0,,https://www.framesdirect.com/ray-ban-rb7258f-eyeglasses?color=10062978,5,,,False,0,2026-09-13
,Ray-Ban,RB7257F,,176.0,,https://www.framesdirect.com/ray-ban-rb7257f-eyeglasses?color=10062974,5,,,False,0,2026-09-13
,Ray-Ban,RB7256F,,210.0,,https://www.framesdirect.com/ray-ban-rb7256f-eyeglasses?color=10062971,5,,,False,0,2026-09-13
,Ray-Ban,RB7248D,,220.0,,https://www.framesdirect.com/ray-ban-rb7248d-eyeglasses?color=10062840,5,,,False,0,2026-09-13
,Ray-Ban,RB7247D,,236.0,,https://www.framesdirect.com/ray-ban-rb7247d-eyeglasses?color=10062838,5,,,False,0,2026-09-13
,Ray-Ban,RB7241D,,220.0,,https://www.framesdirect.com/ray-ban-rb7241d-eyeglasses?color=10062967,5,,,False,0,2026-09-13
,Ray-Ban,RB7217,,189.0,,https://www.framesdirect.com/ray-ban-rb7217-eyeglasses?color=10062835,5,,,False,0,2026-09-13
,Ray-Ban,RB7216,,222.0,,https://www.framesdirect.com/ray-ban-rb7216-eyeglasses?color=10062828,5,,,False,0,2026-09-13
,Ray-Ban,RB6538D,,189.0,,https://www.framesdirect.com/ray-ban-rb6538d-eyeglasses?color=10062962,5,,,False,0,2026-09-13
,Ray-Ban,RB6534,,189.0,,https://www.framesdirect.com/ray-ban-rb6534-eyeglasses?color=10062956,5,,,False,0,2026-09-13
,Ray-Ban,RB6533,,189.0,,https://www.framesdirect.com/ray-ban-rb6533-eyeglasses?color=10062952,5,,,False,0,2026-09-13
,Ray-Ban,RB6532,,249.0,,https://www.framesdirect.com/ray-ban-rb6532-eyeglasses?color=10062948,5,,,False,0,2026-09-13
,Ray-Ban,RB6524D,,220.0,,https://www.framesdirect.com/ray-ban-rb6524d-eyeglasses?color=10062944,5,,,False,0,2026-09-13
,Ray-Ban,RB6523D,,220.0,,https://www.framesdirect.com/ray-ban-rb6523d-eyeglasses?color=10062942,5,,,False,0,2026-09-13
,Ray-Ban,RB6494,,237.0,,https://www.framesdirect.com/ray-ban-rb6494-eyeglasses?color=10062806,5,,,False,0,2026-09-13
,Ray-Ban,RB6418D,,236.0,,https://www.framesdirect.com/ray-ban-rb6418d-eyeglasses?color=10062939,5,,,False,0,2026-09-13
,Ray-Ban,RB5440F,,189.0,,https://www.framesdirect.com/ray-ban-rb5440f-eyeglasses?color=1,5,,,False,0,2026-09-13
,Ray-Ban,RB5345D,,261.0,,https://www.framesdirect.com/ray-ban-rb5345d-eyeglasses?color=10062771,5,,,False,0,2026-09-13
,Ray-Ban,RB5279F,,222.0,,https://www.framesdirect.com/ray-ban-rb5279f-eyeglasses,5,,,False,0,2026-09-13
,Ray-Ban,RB5184F,,212.0,,https://www.framesdirect.com/ray-ban-rb5184f-eyeglasses?color=10062764,5,,,False,0,2026-09-13
,Ray-Ban,RB4451V,,237.0,,https://www.framesdirect.com/ray-ban-rb4451v-eyeglasses?color=10062911,5,,,False,0,2026-09-13
,Ray-Ban,RB4379VD,,220.0,,https://www.framesdirect.com/ray-ban-rb4379vd-eyeglasses?color=10062906,5,,,False,0,2026-09-13
,Ray-Ban,RB4340V,,210.0,,https://www.framesdirect.com/ray-ban-rb4340v-eyeglasses?color=1,5,,,False,0,2026-09-13
,Ray-Ban,RB3768V,,195.0,,https://www.framesdirect.com/ray-ban-rb3768v-eyeglasses?color=1,6,,,False,0,2026-09-13
,Ray-Ban,RB3767V,,195.0,,https://www.framesdirect.com/ray-ban-rb3767v-eyeglasses?color=10062748,6,,,False,0,2026-09-13
,Ray-Ban,RB2221V Optics,,210.0,,https://www.framesdirect.com/ray-ban-rb2221v-optics-eyeglasses?color=10062743,6,,,False,0,2026-09-13
,Oakley,Versafuse SS,,276.0,,https://www.framesdirect.com/oakley-versafuse-ss-eyeglasses?color=10062737,6,,,False,0,2026-09-13
,Oakley,Versafuse SQ,,276.0,,https://www.framesdirect.com/oakley-versafuse-sq-eyeglasses?color=10062739,6,,,False,0,2026-09-13
,Oakley,Tailback 2.0,,500.0,,https://www.framesdirect.com/oakley-tailback-2.0-eyeglasses?color=10062691,6,,,False,0,2026-09-13
,Oakley,Socket 5.0,,227.0,,https://www.framesdirect.com/oakley-socket-5.0-eyeglasses?color=10062686,6,,,False,0,2026-09-13
,Oakley,Shackle,,242.0,,https://www.framesdirect.com/oakley-shackle-eyeglasses?color=10062729,6,,,False,0,2026-09-13
,Oakley,Paracord,,242.0,,https://www.framesdirect.com/oakley-paracord-eyeglasses?color=10062725,6,,,False,0,2026-09-13
,Oakley,Leadline,,227.0,,https://www.framesdirect.com/oakley-leadline-eyeglasses?color=10062707,6,,,False,0,2026-09-13
,Oakley,Hex Jector (Low Bridge Fit),,187.0,,https://www.framesdirect.com/oakley-hex-jector-low-bridge-fit-eyeglasses?color=10062706,6,,,False,0,2026-09-13
,Oakley,Hex Jector,,187.0,,https://www.framesdirect.com/oakley-hex-jector-eyeglasses?color=10062693,6,,,False,0,2026-09-13
,Oakley,Foil SQ,,172.0,,https://www.framesdirect.com/oakley-foil-sq-eyeglasses?color=10062679,6,,,False,0,2026-09-13
,Oakley,Foil RQ 0.5,,172.0,,https://www.framesdirect.com/oakley-foil-rq-0.5-eyeglasses?color=10062683,6,,,False,0,2026-09-13
,Versace,VE3394D,316.0,221.2,30%,https://www.framesdirect.com/versace-ve3394d-eyeglasses?color=10061606,6,30.0,94.80000000000001,True,0,2026-09-13
,Versace,VE3392F,316.0,221.2,30%,https://www.framesdirect.com/versace-ve3392f-eyeglasses?color=2,6,30.0,94.80000000000001,True,0,2026-09-13
,Versace,VE3392,316.0,221.2,30%,https://www.framesdirect.com/versace-ve3392-eyeglasses?color=10061597,6,30.0,94.80000000000001,True,0,2026-09-13
,Versace,VE3391U,316.0,221.2,30%,https://www.framesdirect.com/versace-ve3391u-eyeglasses?color=10061592,6,30.0,94.80000000000001,True,0,2026-09-13
,Versace,VE3390U,406.0,284.2,30%,https://www.framesdirect.com/versace-ve3390u-eyeglasses?color=10061588,6,30.0,121.80000000000001,True,0,2026-09-13
,Versace,VE3389U,406.0,284.2,30%,https://www.framesdirect.com/versace-ve3389u-eyeglasses?color=10061584,6,30.0,121.80000000000001,True,0,2026-09-13
,Versace,VE3388U,376.0,263.2,30%,https://www.framesdirect.com/versace-ve3388u-eyeglasses?color=10061580,6,30.0,112.80000000000001,True,0,2026-09-13
,Versace,VE3387U,346.0,242.2,30%,https://www.framesdirect.com/versace-ve3387u-eyeglasses?color=10061577,6,30.0,103.80000000000001,True,0,2026-09-13
,Versace,VE3386D,300.0,210.0,30%,https://www.framesdirect.com/versace-ve3386d-eyeglasses?color=2,6,30.0,90.0,True,0,2026-09-13
,Versace,VE3384F,346.0,242.2,30%,https://www.framesdirect.com/versace-ve3384f-eyeglasses?color=3,6,30.0,103.80000000000001,True,0,2026-09-13
,Versace,VE3384,346.0,242.2,30%,https://www.framesdirect.com/versace-ve3384-eyeglasses?color=2,7,30.0,103.80000000000001,True,0,2026-09-13
,Versace,VE3383F,376.0,263.2,30%,https://www.framesdirect.com/versace-ve3383f-eyeglasses?color=2,7,30.0,112.80000000000001,True,0,2026-09-13
,Versace,VE3383,376.0,263.2,30%,https://www.framesdirect.com/versace-ve3383-eyeglasses?color=10061557,7,30.0,112.80000000000001,True,0,2026-09-13
,Versace,VE3382F,346.0,242.2,30%,https://www.framesdirect.com/versace-ve3382f-eyeglasses?color=10061555,7,30.0,103.80000000000001,True,0,2026-09-13
,Versace,VE3382,346.0,242.2,30%,https://www.framesdirect.com/versace-ve3382-eyeglasses?color=3,7,30.0,103.80000000000001,True,0,2026-09-13
,Versace,VE3381U,300.0,210.0,30%,https://www.framesdirect.com/versace-ve3381u-eyeglasses?color=10061547,7,30.0,90.0,True,0,2026-09-13
,Versace,VE3380F,346.0,242.2,30%,https://www.framesdirect.com/versace-ve3380f-eyeglasses?color=3,7,30.0,103.80000000000001,True,0,2026-09-13
,Versace,VE3380,346.0,242.2,30%,https://www.framesdirect.com/versace-ve3380-eyeglasses?color=3,7,30.0,103.80000000000001,True,0,2026-09-13
,Versace,VE3379D,316.0,221.2,30%,https://www.framesdirect.com/versace-ve3379d-eyeglasses?color=1,7,30.0,94.80000000000001,True,0,2026-09-13
,Versace,VE3375F,286.0,200.2,30%,https://www.framesdirect.com/versace-ve3375f-eyeglasses?color=10061526,7,30.0,85.80000000000001,True,0,2026-09-13
,Versace,VE1318,406.0,284.2,30%,https://www.framesdirect.com/versace-ve1318-eyeglasses?color=10061756,7,30.0,121.80000000000001,True,0,2026-09-13
,Versace,VE1317,450.0,315.0,30%,https://www.framesdirect.com/versace-ve1317-eyeglasses?color=2,7,30.0,135.0,True,0,2026-09-13
,Versace,VE1315,406.0,284.2,30%,https://www.framesdirect.com/versace-ve1315-eyeglasses?color=10061749,7,30.0,121.80000000000001,True,0,2026-09-13
,Versace,VE1314D,406.0,284.2,30%,https://www.framesdirect.com/versace-ve1314d-eyeglasses?color=10061748,7,30.0,121.80000000000001,True,0,2026-09-13
,Versace,VE1313D,286.0,200.2,30%,https://www.framesdirect.com/versace-ve1313d-eyeglasses?color=10061742,7,30.0,85.80000000000001,True,0,2026-09-13
,Versace,VE1312,286.0,200.2,30%,https://www.framesdirect.com/versace-ve1312-eyeglasses?color=10061739,7,30.0,85.80000000000001,True,0,2026-09-13
,Versace,VE1311,286.0,200.2,30%,https://www.framesdirect.com/versace-ve1311-eyeglasses?color=10061738,7,30.0,85.80000000000001,True,0,2026-09-13
,Versace,VE1310,406.0,284.2,30%,https://www.framesdirect.com/versace-ve1310-eyeglasses?color=10061733,7,30.0,121.80000000000001,True,0,2026-09-13
,Versace,VE1309,480.0,336.0,30%,https://www.framesdirect.com/versace-ve1309-eyeglasses?color=2,7,30.0,144.0,True,0,2026-09-13
,Versace,VE1308,376.0,263.2,30%,https://www.framesdirect.com/versace-ve1308-eyeglasses?color=10061727,7,30.0,112.80000000000001,True,0,2026-09-13
,Gucci,GG2148Oa,575.0,488.75,15%,https://www.framesdirect.com/gucci-gg2148oa-eyeglasses?color=10061717,7,15.0,86.25,True,0,2026-09-13
,Gucci,GG2142Oj,460.0,391.0,15%,https://www.framesdirect.com/gucci-gg2142oj-eyeglasses?color=10061713,7,15.0,69.0,True,0,2026-09-13
,Gucci,GG2141Ok,515.0,437.75,15%,https://www.framesdirect.com/gucci-gg2141ok-eyeglasses?color=10061712,7,15.0,77.25,True,0,2026-09-13
,Gucci,GG2135O,515.0,437.75,15%,https://www.framesdirect.com/gucci-gg2135o-eyeglasses?color=10061709,7,15.0,77.25,True,0,2026-09-13
,Gucci,GG2091O,545.0,463.25,15%,https://www.framesdirect.com/gucci-gg2091o-eyeglasses?color=10061704,8,15.0,81.75,True,0,2026-09-13
,Gucci,GG2083O,415.0,352.75,15%,https://www.framesdirect.com/gucci-gg2083o-eyeglasses?color=10061703,8,15.0,62.25,True,0,2026-09-13
,Gucci,GG2070O,490.0,416.5,15%,https://www.framesdirect.com/gucci-gg2070o-eyeglasses?color=10061700,8,15.0,73.5,True,0,2026-09-13
,Gucci,GG2066O,490.0,416.5,15%,https://www.framesdirect.com/gucci-gg2066o-eyeglasses?color=10061699,8,15.0,73.5,True,0,2026-09-13
,Gucci,GG2035Oa,515.0,437.75,15%,https://www.framesdirect.com/gucci-gg2035oa-eyeglasses?color=10061696,8,15.0,77.25,True,0,2026-09-13
,Gucci,GG2006OA,545.0,463.25,15%,https://www.framesdirect.com/gucci-gg2006oa-eyeglasses?color=10061693,8,15.0,81.75,True,0,2026-09-13
,Gucci,GG2005OA,415.0,352.75,15%,https://www.framesdirect.com/gucci-gg2005oa-eyeglasses?color=10061691,8,15.0,62.25,True,0,2026-09-13
,Gucci,GG2004OA,515.0,437.75,15%,https://www.framesdirect.com/gucci-gg2004oa-eyeglasses?color=10061689,8,15.0,77.25,True,0,2026-09-13
,Gucci,GG2003OJ,445.0,378.25,15%,https://www.framesdirect.com/gucci-gg2003oj-eyeglasses?color=10061687,8,15.0,66.75,True,0,2026-09-13
,Gucci,GG2002OJ,515.0,437.75,15%,https://www.framesdirect.com/gucci-gg2002oj-eyeglasses?color=10061685,8,15.0,77.25,True,0,2026-09-13
,Gucci,GG2000OJ,830.0,705.5,15%,https://www.framesdirect.com/gucci-gg2000oj-eyeglasses?color=10061683,8,15.0,124.5,True,0,2026-09-13
,Gucci,GG1997O,415.0,290.5,30%,https://www.framesdirect.com/gucci-gg1997o-eyeglasses?color=10061682,8,30.0,124.5,True,0,2026-09-13
,Gucci,GG1996O,415.0,352.75,15%,https://www.framesdirect.com/gucci-gg1996o-eyeglasses?color=10061677,8,15.0,62.25,True,0,2026-09-13
,Gucci,GG1994O,415.0,352.75,15%,https://www.framesdirect.com/gucci-gg1994o-eyeglasses?color=10061674,8,15.0,62.25,True,0,2026-09-13
,Gucci,GG1993OK,545.0,463.25,15%,https://www.framesdirect.com/gucci-gg1993ok-eyeglasses?color=10061672,8,15.0,81.75,True,0,2026-09-13
,Gucci,GG1989O,370.0,314.5,15%,https://www.framesdirect.com/gucci-gg1989o-eyeglasses?color=10061671,8,15.0,55.5,True,0,2026-09-13
,Gucci,GG1988OK,330.0,280.5,15%,https://www.framesdirect.com/gucci-gg1988ok-eyeglasses?color=10061669,8,15.0,49.5,True,0,2026-09-13
,Gucci,GG1972OA,665.0,565.25,15%,https://www.framesdirect.com/gucci-gg1972oa-eyeglasses?color=10061666,8,15.0,99.75,True,0,2026-09-13
,Gucci,GG1964O,650.0,552.5,15%,https://www.framesdirect.com/gucci-gg1964o-eyeglasses?color=10061665,8,15.0,97.5,True,0,2026-09-13
,Gucci,GG1961O,575.0,488.75,15%,https://www.framesdirect.com/gucci-gg1961o-eyeglasses?color=10061664,8,15.0,86.25,True,0,2026-09-13
,Gucci,GG1949OK,515.0,437.75,15%,https://www.framesdirect.com/gucci-gg1949ok-eyeglasses?color=10061662,8,15.0,77.25,True,0,2026-09-13
,Gucci,GG1947O,515.0,437.75,15%,https://www.framesdirect.com/gucci-gg1947o-eyeglasses?color=10061661,8,15.0,77.25,True,0,2026-09-13
,Gucci,GG1945O,515.0,437.75,15%,https://www.framesdirect.com/gucci-gg1945o-eyeglasses?color=10061659,8,15.0,77.25,True,0,2026-09-13
,Gucci,GG1938O,545.0,463.25,15%,https://www.framesdirect.com/gucci-gg1938o-eyeglasses?color=10061657,8,15.0,81.75,True,0,2026-09-13
,Gucci,GG1746OA,590.0,501.5,15%,https://www.framesdirect.com/gucci-gg1746oa-eyeglasses?color=10061652,9,15.0,88.5,True,0,2026-09-13
,Gucci,GG1745OA,560.0,476.0,15%,https://www.framesdirect.com/gucci-gg1745oa-eyeglasses?color=10061653,9,15.0,84.0,True,0,2026-09-13
,Gucci,GG1500OK,530.0,450.5,15%,https://www.framesdirect.com/gucci-gg1500ok-eyeglasses?color=10061655,9,15.0,79.5,True,0,2026-09-13
,Costa,Ocean Ridge 730,,197.0,,https://www.framesdirect.com/costa-ocean-ridge-730-eyeglasses?color=10061644,9,,,False,0,2026-09-13
,Burberry,BE2461D,311.0,217.7,30%,https://www.framesdirect.com/burberry-be2461d-eyeglasses?color=10060703,9,30.0,93.30000000000001,True,0,2026-09-13
,Burberry,BE2460D,311.0,217.7,30%,https://www.framesdirect.com/burberry-be2460d-eyeglasses?color=10060703,9,30.0,93.30000000000001,True,0,2026-09-13
,Burberry,BE2459D,390.0,273.0,30%,https://www.framesdirect.com/burberry-be2459d-eyeglasses?color=10061020,9,30.0,117.0,True,0,2026-09-13
,Burberry,BE2458,358.0,250.6,30%,https://www.framesdirect.com/burberry-be2458-eyeglasses?color=10056160,9,30.0,107.4,True,0,2026-09-13
,Burberry,BE2457U,421.0,294.7,30%,https://www.framesdirect.com/burberry-be2457u-eyeglasses?color=10056160,9,30.0,126.30000000000001,True,0,2026-09-13
,Burberry,BE2452U,311.0,217.7,30%,https://www.framesdirect.com/burberry-be2452u-eyeglasses?color=10060703,9,30.0,93.30000000000001,True,0,2026-09-13
,Burberry,BE2451U,311.0,217.7,30%,https://www.framesdirect.com/burberry-be2451u-eyeglasses?color=10060703,9,30.0,93.30000000000001,True,0,2026-09-13
,Burberry,BE2450D,327.0,228.9,30%,https://www.framesdirect.com/burberry-be2450d-eyeglasses?color=10056167,9,30.0,98.1,True,0,2026-09-13
,Burberry,BE2449D,390.0,273.0,30%,https://www.framesdirect.com/burberry-be2449d-eyeglasses?color=10056169,9,30.0,117.0,True,0,2026-09-13
,Burberry,BE2448D,311.0,217.7,30%,https://www.framesdirect.com/burberry-be2448d-eyeglasses?color=10056144,9,30.0,93.30000000000001,True,0,2026-09-13
,Burberry,BE2447D,311.0,217.7,30%,https://www.framesdirect.com/burberry-be2447d-eyeglasses?color=10056152,9,30.0,93.30000000000001,True,0,2026-09-13
,Burberry,BE2445F,390.0,273.0,30%,https://www.framesdirect.com/burberry-be2445f-eyeglasses?color=10056170,9,30.0,117.0,True,0,2026-09-13
,Burberry,BE2443F,358.0,250.6,30%,https://www.framesdirect.com/burberry-be2443f-eyeglasses?color=10056160,9,30.0,107.4,True,0,2026-09-13
,Burberry,BE2440F,311.0,217.7,30%,https://www.framesdirect.com/burberry-be2440f-eyeglasses?color=10056143,9,30.0,93.30000000000001,True,0,2026-09-13
,Burberry,BE2439F,311.0,217.7,30%,https://www.framesdirect.com/burberry-be2439f-eyeglasses?color=10063127,9,30.0,93.30000000000001,True,0,2026-09-13
,Burberry,BE2438F,311.0,217.7,30%,https://www.framesdirect.com/burberry-be2438f-eyeglasses?color=10056144,9,30.0,93.30000000000001,True,0,2026-09-13
,Burberry,BE2436D,327.0,228.9,30%,https://www.framesdirect.com/burberry-be2436d-eyeglasses?color=10056153,9,30.0,98.1,True,0,2026-09-13
,Burberry,BE1403D,390.0,273.0,30%,https://www.framesdirect.com/burberry-be1403d-eyeglasses?color=10060882,9,30.0,117.0,True,0,2026-09-13
,Burberry,BE1402D,390.0,273.0,30%,https://www.framesdirect.com/burberry-be1402d-eyeglasses?color=10060878,9,30.0,117.0,True,0,2026-09-13
,Burberry,BE1401,390.0,273.0,30%,https://www.framesdirect.com/burberry-be1401-eyeglasses?color=10060875,9,30.0,117.0,True,0,2026-09-13
,Burberry,BE1399,390.0,273.0,30%,https://www.framesdirect.com/burberry-be1399-eyeglasses?color=10056132,10,30.0,117.0,True,0,2026-09-13
,Burberry,BE1398,390.0,273.0,30%,https://www.framesdirect.com/burberry-be1398-eyeglasses?color=10056132,10,30.0,117.0,True,0,2026-09-13
,Oakley,Currency,,276.0,,https://www.framesdirect.com/oakley-currency-eyeglasses?color=500277,10,,,False,0,2026-09-13
,Oakley,Tumbleweed,,255.0,,https://www.framesdirect.com/oakley-tumbleweed-eyeglasses?color=500140,10,,,False,0,2026-09-13
,Versace,VE1184,270.0,189.0,30%,https://www.framesdirect.com/versace-ve1184-eyeglasses?color=497389,10,30.0,81.0,True,0,2026-09-13
,Versace,VE1066,270.0,189.0,30%,https://www.framesdirect.com/versace-ve1066-eyeglasses?color=497351,10,30.0,81.0,True,0,2026-09-13
,Ray-Ban,RB5245,,210.0,,https://www.framesdirect.com/ray-ban-rx5245-eyeglasses?color=497723,10,,,False,0,2026-09-13
,Oakley,Rhinochaser,,276.0,,https://www.framesdirect.com/oakley-rhinochaser-eyeglasses?color=496157,10,,,False,0,2026-09-13
,Oakley,Clubface,,276.0,,https://www.framesdirect.com/oakley-clubface-eyeglasses?color=473191,10,,,False,0,2026-09-13
,Ray-Ban,RB5228,,222.0,,https://www.framesdirect.com/ray-ban-rb5228-eyeglasses?color=471952,10,,,False,0,2026-09-13
,Ray-Ban,RB5206,,210.0,,https://www.framesdirect.com/ray-ban-rb5206-eyeglasses?color=10002080,10,,,False,0,2026-09-13
,Versace,VE1175B,316.0,221.2,30%,https://www.framesdirect.com/versace-ve1175b-eyeglasses?color=471502,10,30.0,94.80000000000001,True,0,2026-09-13
,Ray-Ban,RB5169,,186.0,,https://www.framesdirect.com/ray-ban-rb5169-eyeglasses?color=422162,10,,,False,0,2026-09-13
,Oakley,Metal Plate,346.0,173.0,50%,https://www.framesdirect.com/oakley-metal-plate-eyeglasses?color=10059667,10,50.0,173.0,True,0,2026-09-13
,Oakley,Bottle Rocket 4.0,,276.0,,https://www.framesdirect.com/oakley-bottle-rocket-4.0-eyeglasses?color=333571,10,,,False,0,2026-09-13
,Ray-Ban,RB7017,,222.0,,https://www.framesdirect.com/ray-ban-rb7017-eyeglasses?color=1,10,,,False,0,2026-09-13
,Ray-Ban,RB5286,,222.0,,https://www.framesdirect.com/ray-ban-rb5286-eyeglasses?color=4,10,,,False,0,2026-09-13
,Oakley,Persuasive,183.0,91.5,50%,https://www.framesdirect.com/oakley-persuasive-eyeglasses?color=1,10,50.0,91.5,True,0,2026-09-13
,Burberry,BE2108,265.0,185.5,30%,https://www.framesdirect.com/burberry-be2108-eyeglasses?color=1,10,30.0,79.5,True,0,2026-09-13
,Ray-Ban,RB5285,,222.0,,https://www.framesdirect.com/ray-ban-rb5285-eyeglasses?color=10024344,10,,,False,0,2026-09-13
,Ray-Ban,RB5277,,186.0,,https://www.framesdirect.com/ray-ban-rb5277-eyeglasses?color=5,10,,,False,0,2026-09-13
,Ray-Ban,RB5279,,186.0,,https://www.framesdirect.com/ray-ban-rb5279-eyeglasses?color=3,10,,,False,0,2026-09-13
,Ray-Ban,RB5268,,176.0,,https://www.framesdirect.com/ray-ban-rb5268-eyeglasses?color=3,10,,,False,0,2026-09-13
,Versace,VE3385U,300.0,210.0,30%,https://www.framesdirect.com/versace-ve3385u-eyeglasses?color=2,10,30.0,90.0,True,0,2026-09-13
